kind,record_id,path,blob_id,source_commit,source_ref,ref_count,content_state,title,declared_status,observed_at_utc
experiment,,experiments/v1/confirmation/CONFIRM-001_v1_baseline/EXPERIMENT.yaml,9c721ba779af1e1970f191381bd8ec9403724986,5c9447bfa60c0bde506a089dc93874a032e41f72,exp/v1/confirmation/confirm-001-v1-baseline,1,committed,,completed,2026-09-06T12:53:38+00:00
experiment,,experiments/v1/confirmation/CONFIRM-001_v1_baseline/EXPERIMENT.yaml,36756ae19cdfeaae6c2a3fe9c4aba88b173b3b90,bed9a9cf028d7f2a1340b5215f0ef7293a9eb242,main,326,committed,,completed,2026-09-06T12:53:38+00:00
experiment,,experiments/v2/ablation/ABLATION-001_final_chain/EXPERIMENT.yaml,4a16b1aaffeaa29916ec09c6f713c104aedf1647,bed9a9cf028d7f2a1340b5215f0ef7293a9eb242,main,296,committed,,completed,2026-09-06T12:53:38+00:00
experiment,,experiments/v2/ablation/ABLATION-002_final_80_chain/EXPERIMENT.yaml,332bc481d869b338de06e5f3f00b3b7b1fc43984,8658e18fa79876d464d495ca9c067f13c4dd0840,codex/cnebc,4,committed,,completed,2026-09-06T12:53:38+00:00
experiment,,experiments/v2/ablation/ABLATION-002_final_80_chain/EXPERIMENT.yaml,bea20f29094b7f0a065b33eb0223c06faa9383db,bed9a9cf028d7f2a1340b5215f0ef7293a9eb242,main,266,committed,,retained_out_of_scope_expert_attributes_and_test_selection,2026-09-06T12:53:38+00:00
experiment,,experiments/v2/ablation/ABLATION-003_multidataset_training_strategy/EXPERIMENT.yaml,6b775c06df7f5be8f127d591b715b3a3e016358b,bed9a9cf028d7f2a1340b5215f0ef7293a9eb242,main,165,committed,,planned,2026-09-06T12:53:38+00:00
experiment,,experiments/v2/ablation/ABLATION-004_text_v2_training_strategy/EXPERIMENT.yaml,6a9b2ccef72fc36a1f7a6bc0f7628972ccd12b52,bed9a9cf028d7f2a1340b5215f0ef7293a9eb242,main,165,committed,,completed_mixed_seed7,2026-09-06T12:53:38+00:00
experiment,,experiments/v2/confirmation/CONFIRM-001_v2_baseline/EXPERIMENT.yaml,1c3743a79b047e81c7caae9ae0aecab6c77780f9,bed9a9cf028d7f2a1340b5215f0ef7293a9eb242,main,321,committed,,completed,2026-09-06T12:53:38+00:00
experiment,,experiments/v2/confirmation/CONFIRM-002_unified_seen_training/EXPERIMENT.yaml,b0c70a8b0b78872879f99e6c0ab938b3d2a6ad0f,bed9a9cf028d7f2a1340b5215f0ef7293a9eb242,main,266,committed,,completed_seen_biased_gain,2026-09-06T12:53:38+00:00
experiment,,experiments/v2/confirmation/CONFIRM-003_standard_clip_final/EXPERIMENT.yaml,c2c5d4a868b19c8e5f09918bcc7e2e36d668eeca,bed9a9cf028d7f2a1340b5215f0ef7293a9eb242,main,264,committed,,completed_owner_authorized_final_evaluation,2026-09-06T12:53:38+00:00
experiment,,experiments/v2/confirmation/CONFIRM-004_chen_style_end_to_end/EXPERIMENT.yaml,7c63228b9d5ebb5e582bb8a17979c932d957a997,bed9a9cf028d7f2a1340b5215f0ef7293a9eb242,main,263,committed,,completed_expert_pass_no_expert_fail,2026-09-06T12:53:38+00:00
experiment,,experiments/v2/confirmation/CONFIRM-005_chen_style_stagewise/EXPERIMENT.yaml,77ce5e13119395aead9a71dec1d063d7fb1d780a,bed9a9cf028d7f2a1340b5215f0ef7293a9eb242,main,262,committed,,rescue2_rejected_rescue_budget_exhausted,2026-09-06T12:53:38+00:00
experiment,,experiments/v2/confirmation/CONFIRM-006_chen_stagewise_pseudo_unseen/EXPERIMENT.yaml,311b4068b1ea40a7f6a9402bc9413f7a2023bb19,bed9a9cf028d7f2a1340b5215f0ef7293a9eb242,main,262,committed,,completed_rejected,2026-09-06T12:53:38+00:00
experiment,,experiments/v2/confirmation/CONFIRM-007_chen_class_exclusive/EXPERIMENT.yaml,57b00db6b2760134403910800d8fe65f798f2d4c,bed9a9cf028d7f2a1340b5215f0ef7293a9eb242,main,262,committed,,closed_best_H_75_849154,2026-09-06T12:53:38+00:00
experiment,,experiments/v2/confirmation/CONFIRM-008_threefold_frozen_final/EXPERIMENT.yaml,d713869a419d6db42587554ad614490ca5daac6c,bed9a9cf028d7f2a1340b5215f0ef7293a9eb242,main,166,committed,,completed_below_target,2026-09-06T12:53:38+00:00
experiment,,experiments/v2/confirmation/CONFIRM-009_multidataset_traceable_baselines/EXPERIMENT.yaml,8cfefc533d7c83d7b28aa2b8b3af4d946db17953,bed9a9cf028d7f2a1340b5215f0ef7293a9eb242,main,165,committed,,planned,2026-09-06T12:53:38+00:00
experiment,,experiments/v2/confirmation/CONFIRM-010_text_v2_recovery/EXPERIMENT.yaml,789b57e9217d77eb9fc25401e237df9b1eb4cae6,bed9a9cf028d7f2a1340b5215f0ef7293a9eb242,main,165,committed,,completed_two_of_three_plus3,2026-09-06T12:53:38+00:00
experiment,,experiments/v2/confirmation/CONFIRM-011_rgve_formal/EXPERIMENT.yaml,7868f38810df10112e91f514cd9cbd60f262e226,bed9a9cf028d7f2a1340b5215f0ef7293a9eb242,main,165,committed,,partial_local_hardware_observation,2026-09-06T12:53:38+00:00
experiment,,experiments/v2/confirmation/CONFIRM-012_canonical_class_names/EXPERIMENT.yaml,8823f7594dcdbd815ece00ca8384c27e4766d791,bed9a9cf028d7f2a1340b5215f0ef7293a9eb242,main,165,committed,,completed,2026-09-06T12:53:38+00:00
experiment,,experiments/v2/evidence/legacy_h1/ablation_014/EXPERIMENT.yaml,7842fa48fda6f8b1a8e33465b7d3deb49b88f4db,bed9a9cf028d7f2a1340b5215f0ef7293a9eb242,main,319,committed,,completed,2026-09-06T12:53:38+00:00
experiment,,experiments/v2/evidence/legacy_h1/innovation_024/EXPERIMENT.yaml,3a5f5e9e4e5acf8a2236402573a6a1a6dfc07e1b,bed9a9cf028d7f2a1340b5215f0ef7293a9eb242,main,319,committed,,migration_equivalence_passed,2026-09-06T12:53:38+00:00
experiment,,experiments/v2/evidence/legacy_h1/tune_005/EXPERIMENT.yaml,0a42b6c17f1dda4de939ad3ffe34026d3c669f3a,bed9a9cf028d7f2a1340b5215f0ef7293a9eb242,main,319,committed,,completed,2026-09-06T12:53:38+00:00
experiment,,experiments/v2/evidence/legacy_h1/tune_006/EXPERIMENT.yaml,c7b69cd35497eaf535927c768caea58e215a7dcb,bed9a9cf028d7f2a1340b5215f0ef7293a9eb242,main,319,committed,,completed,2026-09-06T12:53:38+00:00
experiment,,experiments/v2/innovation/INNOVATION-001_conservative_unseen_transfer/EXPERIMENT.yaml,edb8ae26542c705fa235967d7ff68c3845895e58,547bbdea8d10eb8049936173193b877a74fbb9bf,codex/v2-unseen-transfer-multiseed,1,committed,,completed,2026-09-06T12:53:38+00:00
experiment,,experiments/v2/innovation/INNOVATION-001_conservative_unseen_transfer/EXPERIMENT.yaml,d0c380a2cf5a9908a9e505e51b106b07176bbe3e,bed9a9cf028d7f2a1340b5215f0ef7293a9eb242,main,313,committed,,retained_test_time_observation,2026-09-06T12:53:38+00:00
experiment,,experiments/v2/innovation/INNOVATION-002_tangent_semantic_transport/EXPERIMENT.yaml,b3204f6e304ed9facf8e8e6c4c243da57e436e58,aff1212476c014398c8945c0536d7632895271a2,codex/adma,40,committed,,supported,2026-09-06T12:53:38+00:00
experiment,,experiments/v2/innovation/INNOVATION-002_tangent_semantic_transport/EXPERIMENT.yaml,0045200ff7ec14aa329e98833ace58c016c321c4,bed9a9cf028d7f2a1340b5215f0ef7293a9eb242,main,270,committed,,supported,2026-09-06T12:53:38+00:00
experiment,,experiments/v2/innovation/INNOVATION-003_class_conditioned_geometric_generator/EXPERIMENT.yaml,b5cd84f4f9a0e3a896dd37849b3775549fcdcd20,aff1212476c014398c8945c0536d7632895271a2,codex/adma,26,committed,,supported,2026-09-06T12:53:38+00:00
experiment,,experiments/v2/innovation/INNOVATION-003_class_conditioned_geometric_generator/EXPERIMENT.yaml,21b1d6538e2c7af81529d9dcface113097ff5384,bed9a9cf028d7f2a1340b5215f0ef7293a9eb242,main,270,committed,,supported,2026-09-06T12:53:38+00:00
experiment,,experiments/v2/innovation/INNOVATION-004_attribute_residual_alignment/EXPERIMENT.yaml,4b15b52132f2b25a11c7c202dd6cefbb382f3f61,aff1212476c014398c8945c0536d7632895271a2,codex/adma,17,committed,,supported,2026-09-06T12:53:38+00:00
experiment,,experiments/v2/innovation/INNOVATION-004_attribute_residual_alignment/EXPERIMENT.yaml,26ecc7790df7a2a54e2929a5dad22e89c66da3f5,f8c8085c4a11a5824103cf1f4576edfbafbae282,codex/ara,1,committed,,supported,2026-09-06T12:53:38+00:00
experiment,,experiments/v2/innovation/INNOVATION-004_attribute_residual_alignment/EXPERIMENT.yaml,83f9de930cadd49ff09ff391d66f80e049efc6a9,bed9a9cf028d7f2a1340b5215f0ef7293a9eb242,main,266,committed,,retained_out_of_scope_expert_attributes,2026-09-06T12:53:38+00:00
experiment,,experiments/v2/innovation/INNOVATION-005_centroid_ridge_alignment/EXPERIMENT.yaml,9cb009c58a44f4393ecadbc055d5f72fba96242c,aff1212476c014398c8945c0536d7632895271a2,codex/adma,11,committed,,supported,2026-09-06T12:53:38+00:00
experiment,,experiments/v2/innovation/INNOVATION-005_centroid_ridge_alignment/EXPERIMENT.yaml,ff3b79cb9ec48ba69eebdcf57c35f90d352ed07e,d06f501f2577fdff07f4b469a21cd5a9ee7777de,codex/ccra,1,committed,,supported,2026-09-06T12:53:38+00:00
experiment,,experiments/v2/innovation/INNOVATION-005_centroid_ridge_alignment/EXPERIMENT.yaml,077e87127782ddf235d742c43330d422d55d5e72,6804c9c046c9487b006f585257119014baa88d0a,codex/cra,1,committed,,supported,2026-09-06T12:53:38+00:00
experiment,,experiments/v2/innovation/INNOVATION-005_centroid_ridge_alignment/EXPERIMENT.yaml,12d08cd053c44c6e2f8f700751098bb7ea2ae62d,e92ec027b9270ae7f2247a9c3351d79c328baa72,codex/cra-output-contract,1,committed,,supported,2026-09-06T12:53:38+00:00
experiment,,experiments/v2/innovation/INNOVATION-005_centroid_ridge_alignment/EXPERIMENT.yaml,c4aad6b52165e85c6c43ef83c8b6d1f80986a2e7,bed9a9cf028d7f2a1340b5215f0ef7293a9eb242,main,266,committed,,retained_out_of_scope_expert_attributes,2026-09-06T12:53:38+00:00
experiment,,experiments/v2/innovation/INNOVATION-006_episodic_bias_calibration/EXPERIMENT.yaml,173715a0117d12698898b9ebf2ce86d3c5080999,aff1212476c014398c8945c0536d7632895271a2,codex/adma,10,committed,,supported,2026-09-06T12:53:38+00:00
experiment,,experiments/v2/innovation/INNOVATION-006_episodic_bias_calibration/EXPERIMENT.yaml,d37fb5b75bda1b262c22c048e5ac532aef1adda1,bed9a9cf028d7f2a1340b5215f0ef7293a9eb242,main,266,committed,,retained_out_of_scope_expert_attributes,2026-09-06T12:53:38+00:00
experiment,,experiments/v2/innovation/INNOVATION-007_visual_prototype_bias_composition/EXPERIMENT.yaml,1282ae4e1e6c5fa30a8ecf1c7f10ec507ee38dba,aff1212476c014398c8945c0536d7632895271a2,codex/adma,8,committed,,supported,2026-09-06T12:53:38+00:00
experiment,,experiments/v2/innovation/INNOVATION-007_visual_prototype_bias_composition/EXPERIMENT.yaml,4d74d0fb8741adab92842135d5f11b35f1437023,bed9a9cf028d7f2a1340b5215f0ef7293a9eb242,main,266,committed,,retained_out_of_scope_expert_attributes,2026-09-06T12:53:38+00:00
experiment,,experiments/v2/innovation/INNOVATION-008_joint_bidirectional_episodic_calibration/EXPERIMENT.yaml,8a8ff892cd7336ec5b44ac3fdb1f2a070069916e,aff1212476c014398c8945c0536d7632895271a2,codex/adma,7,committed,,supported,2026-09-06T12:53:38+00:00
experiment,,experiments/v2/innovation/INNOVATION-008_joint_bidirectional_episodic_calibration/EXPERIMENT.yaml,107593e2fea085af6478382f2995739eee52d92b,bed9a9cf028d7f2a1340b5215f0ef7293a9eb242,main,266,committed,,retained_out_of_scope_expert_attributes,2026-09-06T12:53:38+00:00
experiment,,experiments/v2/innovation/INNOVATION-009_class_name_residual_alignment/EXPERIMENT.yaml,08c2b44181d9b4c3b6eb50d63241a98684e57195,8658e18fa79876d464d495ca9c067f13c4dd0840,codex/cnebc,4,committed,,supported,2026-09-06T12:53:38+00:00
experiment,,experiments/v2/innovation/INNOVATION-009_class_name_residual_alignment/EXPERIMENT.yaml,03b28decf82d84dc9983b16c8233641eec30826a,bed9a9cf028d7f2a1340b5215f0ef7293a9eb242,main,266,committed,,retained_out_of_scope_expert_attributes,2026-09-06T12:53:38+00:00
experiment,,experiments/v2/innovation/INNOVATION-010_sccc/EXPERIMENT.yaml,024db6360b792ab0ec89e95f97e3f0da74bd87ea,bed9a9cf028d7f2a1340b5215f0ef7293a9eb242,main,262,committed,,rejected,2026-09-06T12:53:38+00:00
experiment,,experiments/v2/innovation/INNOVATION-011_ncra/EXPERIMENT.yaml,2b9480fe05d171afdb94bf7b078491013ce67695,bed9a9cf028d7f2a1340b5215f0ef7293a9eb242,main,262,committed,,supported_target_passed,2026-09-06T12:53:38+00:00
experiment,,experiments/v2/innovation/INNOVATION-012_sdrs/EXPERIMENT.yaml,12be97bd6e2113c1710a955f3a8f07ae54f84553,bed9a9cf028d7f2a1340b5215f0ef7293a9eb242,main,261,committed,,supported_auxiliary_marginal,2026-09-06T12:53:38+00:00
experiment,,experiments/v2/innovation/INNOVATION-013_sebc/EXPERIMENT.yaml,3cd8bfe847a9889dbcea5eb958c56fe4012df683,bed9a9cf028d7f2a1340b5215f0ef7293a9eb242,main,260,committed,,supported_auxiliary_composition,2026-09-06T12:53:38+00:00
experiment,,experiments/v2/innovation/INNOVATION-014_lpsr/EXPERIMENT.yaml,0eb02c90ca729a539e677677ef65d70ce447b029,bed9a9cf028d7f2a1340b5215f0ef7293a9eb242,main,259,committed,,rejected_negligible_wrong_sign,2026-09-06T12:53:38+00:00
experiment,,experiments/v2/innovation/INNOVATION-015_ccpe/EXPERIMENT.yaml,db5cba55144f41026dcec868f21df9cd9c5efc97,bed9a9cf028d7f2a1340b5215f0ef7293a9eb242,main,258,committed,,supported_candidate_novelty_pending,2026-09-06T12:53:38+00:00
experiment,,experiments/v2/innovation/INNOVATION-016_scpe/EXPERIMENT.yaml,62fac61fdbb991a697300b407844d77153fd1e81,bed9a9cf028d7f2a1340b5215f0ef7293a9eb242,main,257,committed,,rejected_spatial_assumption,2026-09-06T12:53:38+00:00
experiment,,experiments/v2/innovation/INNOVATION-017_mppe/EXPERIMENT.yaml,e360ba2d5ea37f18927ff83e88595df8acf66e4f,bed9a9cf028d7f2a1340b5215f0ef7293a9eb242,main,256,committed,,rejected_multi_part_noise,2026-09-06T12:53:38+00:00
experiment,,experiments/v2/innovation/INNOVATION-018_cnpe/EXPERIMENT.yaml,c6fabc11f243bba72d466260bf9f76c751da1fc9,bed9a9cf028d7f2a1340b5215f0ef7293a9eb242,main,255,committed,,rejected_below_ccpe,2026-09-06T12:53:38+00:00
experiment,,experiments/v2/innovation/INNOVATION-019_dspe/EXPERIMENT.yaml,51925d039cd031d51e3a0f29c00c39b86483feec,bed9a9cf028d7f2a1340b5215f0ef7293a9eb242,main,254,committed,,rejected_no_complementarity,2026-09-06T12:53:38+00:00
experiment,,experiments/v2/innovation/INNOVATION-020_pcme/EXPERIMENT.yaml,c4c1cf27ade48085625ab9747f49d2cf584ef8a6,bed9a9cf028d7f2a1340b5215f0ef7293a9eb242,main,253,committed,,rejected_no_gain,2026-09-06T12:53:38+00:00
experiment,,experiments/v2/innovation/INNOVATION-021_ecpe/EXPERIMENT.yaml,751996a6946fc277145f119ea945ceedcae96689,bed9a9cf028d7f2a1340b5215f0ef7293a9eb242,main,252,committed,,rejected_episode_opposite_direction,2026-09-06T12:53:38+00:00
experiment,,experiments/v2/innovation/INNOVATION-022_crpe/EXPERIMENT.yaml,8df16125f522db342e2265ad725115d310159e97,bed9a9cf028d7f2a1340b5215f0ef7293a9eb242,main,251,committed,,rejected_no_gain,2026-09-06T12:53:38+00:00
experiment,,experiments/v2/innovation/INNOVATION-023_lvpg/EXPERIMENT.yaml,09c1c7a4c00785dae20261639c33135ea10a2c91,bed9a9cf028d7f2a1340b5215f0ef7293a9eb242,main,250,committed,,rejected_seen_visual_domain_bias,2026-09-06T12:53:38+00:00
experiment,,experiments/v2/innovation/INNOVATION-024_clre/EXPERIMENT.yaml,b770f53993a1affd26b3d7c8f765185c5d5058c1,bed9a9cf028d7f2a1340b5215f0ef7293a9eb242,main,249,committed,,supported_candidate_provenance_pending,2026-09-06T12:53:38+00:00
experiment,,experiments/v2/innovation/INNOVATION-025_clec/EXPERIMENT.yaml,1fed2ab462e559e2bb0f58e30728c9a6f1d3cf06,bed9a9cf028d7f2a1340b5215f0ef7293a9eb242,main,248,committed,,rejected_not_complementary,2026-09-06T12:53:38+00:00
experiment,,experiments/v2/innovation/INNOVATION-026_mlre/EXPERIMENT.yaml,b02dcfd0780366ae534e195dbe7a10faf01941e3,bed9a9cf028d7f2a1340b5215f0ef7293a9eb242,main,247,committed,,supported_weak_H_candidate,2026-09-06T12:53:38+00:00
experiment,,experiments/v2/innovation/INNOVATION-027_aclm/EXPERIMENT.yaml,7735b9f8b579926c6e26b4af822491f794f7bb5f,bed9a9cf028d7f2a1340b5215f0ef7293a9eb242,main,246,committed,,rejected_endpoint_collapse,2026-09-06T12:53:38+00:00
experiment,,experiments/v2/innovation/INNOVATION-028_cacm/EXPERIMENT.yaml,d25b50cd660bb51b037cc448862abff7f3e814e2,bed9a9cf028d7f2a1340b5215f0ef7293a9eb242,main,245,committed,,rejected_constant_endpoint,2026-09-06T12:53:38+00:00
experiment,,experiments/v2/innovation/INNOVATION-029_oclr/EXPERIMENT.yaml,4fa83b5cadeccfb83c74056148f92adec0ff7985,c1b4f164abb6a230099c9dde51ac2d942eba16a2,exp/v2/innovation/innovation-029_oclr,3,committed,,supported_strong_candidate_novelty_pending,2026-09-06T12:53:38+00:00
experiment,,experiments/v2/innovation/INNOVATION-029_oclr/EXPERIMENT.yaml,3791a410e2528eff8f4054bb4a67f2e9f22d4d0f,bed9a9cf028d7f2a1340b5215f0ef7293a9eb242,main,241,committed,,supported_two_seed_reliable_novelty_pending,2026-09-06T12:53:38+00:00
experiment,,experiments/v2/innovation/INNOVATION-030_oglc/EXPERIMENT.yaml,273076708d1978b767146449b13f59cb1332167f,bed9a9cf028d7f2a1340b5215f0ef7293a9eb242,main,243,committed,,rejected_below_oclr,2026-09-06T12:53:38+00:00
experiment,,experiments/v2/innovation/INNOVATION-031_omlr/EXPERIMENT.yaml,e503c9d83da25e6b1446b4b193b7cc2b723f84aa,bed9a9cf028d7f2a1340b5215f0ef7293a9eb242,main,242,committed,,retained_strong_secondary_below_oclr,2026-09-06T12:53:38+00:00
experiment,,experiments/v2/innovation/INNOVATION-032_bocr/EXPERIMENT.yaml,953c5d94b14c95183d279fb196851771cf772605,bed9a9cf028d7f2a1340b5215f0ef7293a9eb242,main,240,committed,,rejected_over_orthogonalized,2026-09-06T12:53:38+00:00
experiment,,experiments/v2/innovation/INNOVATION-033_pbor/EXPERIMENT.yaml,7ebe1c9f633835c3b11008832c555bdfcd694640,bed9a9cf028d7f2a1340b5215f0ef7293a9eb242,main,239,committed,,rejected_no_gain_boundary,2026-09-06T12:53:38+00:00
experiment,,experiments/v2/innovation/INNOVATION-034_orer/EXPERIMENT.yaml,95452c64518ed81115fa8ff7b5d270a7d57d4b2e,bed9a9cf028d7f2a1340b5215f0ef7293a9eb242,main,238,committed,,rejected_recalibration_no_gain,2026-09-06T12:53:38+00:00
experiment,,experiments/v2/innovation/INNOVATION-035_ormr/EXPERIMENT.yaml,3dec87e85b2e31e3842666d9b0c321e5357ffaa4,bed9a9cf028d7f2a1340b5215f0ef7293a9eb242,main,237,committed,,rejected_below_oclr_positive_control,2026-09-06T12:53:38+00:00
experiment,,experiments/v2/innovation/INNOVATION-036_oesr/EXPERIMENT.yaml,6e4778f4d100fb246eb6e143d402ea4b30ac6f4e,bed9a9cf028d7f2a1340b5215f0ef7293a9eb242,main,236,committed,,supported_two_seed_weak_H_candidate,2026-09-06T12:53:38+00:00
experiment,,experiments/v2/innovation/INNOVATION-037_aosr/EXPERIMENT.yaml,16b58deb27b79ade247aa2574fbf7b3be322fb9b,bed9a9cf028d7f2a1340b5215f0ef7293a9eb242,main,235,committed,,supported_seed5_seed7_collapsed,2026-09-06T12:53:38+00:00
experiment,,experiments/v2/innovation/INNOVATION-038_casr/EXPERIMENT.yaml,e2e94e2e7a0ed41469e73a9c1389704d4f79a422,bed9a9cf028d7f2a1340b5215f0ef7293a9eb242,main,234,committed,,supported_two_seed_strong_candidate,2026-09-06T12:53:38+00:00
experiment,,experiments/v2/innovation/INNOVATION-039_ccsr/EXPERIMENT.yaml,d55ed4aa1327b3aa7cb83de243e43a41241b912a,bed9a9cf028d7f2a1340b5215f0ef7293a9eb242,main,233,committed,,rejected_no_gain,2026-09-06T12:53:38+00:00
experiment,,experiments/v2/innovation/INNOVATION-040_icsr/EXPERIMENT.yaml,4ee661f63b3939df50c1a71ac78c54fbdc54dc67,bed9a9cf028d7f2a1340b5215f0ef7293a9eb242,main,232,committed,,rejected_dynamic_collapse,2026-09-06T12:53:38+00:00
experiment,,experiments/v2/innovation/INNOVATION-041_sdcr/EXPERIMENT.yaml,3079d3895f153f508c5639fdaa8e341eefeb3335,bed9a9cf028d7f2a1340b5215f0ef7293a9eb242,main,231,committed,,supported_two_seed_drop1_fixed,2026-09-06T12:53:38+00:00
experiment,,experiments/v2/innovation/INNOVATION-042_sdcc/EXPERIMENT.yaml,1d18d2379f16a6273741248f94227865ba7388e4,bed9a9cf028d7f2a1340b5215f0ef7293a9eb242,main,230,committed,,rejected_consistency_overconstraint,2026-09-06T12:53:38+00:00
experiment,,experiments/v2/innovation/INNOVATION-043_wsdr/EXPERIMENT.yaml,357856cd1e044217bd9d1784b545ea7ab9eabc8c,bed9a9cf028d7f2a1340b5215f0ef7293a9eb242,main,229,committed,,rejected_below_sdcr,2026-09-06T12:53:38+00:00
experiment,,experiments/v2/innovation/INNOVATION-044_iadr/EXPERIMENT.yaml,e30befe991003692e79813ade50056a6d62de217,bed9a9cf028d7f2a1340b5215f0ef7293a9eb242,main,228,committed,,rejected_below_sdcr,2026-09-06T12:53:38+00:00
experiment,,experiments/v2/innovation/INNOVATION-045_mgsr/EXPERIMENT.yaml,d5330b1ebab343a1d49eb222b727dd541c314de3,bed9a9cf028d7f2a1340b5215f0ef7293a9eb242,main,227,committed,,retained_saturated_signal_rescue_1_failed,2026-09-06T12:53:38+00:00
experiment,,experiments/v2/innovation/INNOVATION-046_rmgsr/EXPERIMENT.yaml,4edac3f7c9ce0cda0492d9ebdd78a9b6450ccc8c,bed9a9cf028d7f2a1340b5215f0ef7293a9eb242,main,226,committed,,rejected_family_budget_exhausted,2026-09-06T12:53:38+00:00
experiment,,experiments/v2/innovation/INNOVATION-047_ncsr/EXPERIMENT.yaml,9ce5e80ac15ba9699c3fbfdaa45ff03d9b8f78ac,bed9a9cf028d7f2a1340b5215f0ef7293a9eb242,main,225,committed,,rejected_direction_no_gain,2026-09-06T12:53:38+00:00
experiment,,experiments/v2/innovation/INNOVATION-048_rsdm/EXPERIMENT.yaml,aff8387e3dd9241834dc1257c87f9dcb732ea21a,bed9a9cf028d7f2a1340b5215f0ef7293a9eb242,main,224,committed,,rejected_wrong_placement,2026-09-06T12:53:38+00:00
experiment,,experiments/v2/innovation/INNOVATION-049_fsdm/EXPERIMENT.yaml,e5a17280350e398eb397afc5aba3e01528a8a634,bed9a9cf028d7f2a1340b5215f0ef7293a9eb242,main,223,committed,,rejected_seen_metric_bias,2026-09-06T12:53:38+00:00
experiment,,experiments/v2/innovation/INNOVATION-050_jscf/EXPERIMENT.yaml,6430eb1c2812c178dc3d06773e085e442e4bd885,bed9a9cf028d7f2a1340b5215f0ef7293a9eb242,main,222,committed,,rejected_coordination_no_gain,2026-09-06T12:53:38+00:00
experiment,,experiments/v2/innovation/INNOVATION-051_clcr/EXPERIMENT.yaml,1c2d933c064f1f578eafbce07300d61258f650a6,bed9a9cf028d7f2a1340b5215f0ef7293a9eb242,main,221,committed,,rejected_no_cross_llm_complement,2026-09-06T12:53:38+00:00
experiment,,experiments/v2/innovation/INNOVATION-052_spcr/EXPERIMENT.yaml,45627e2861683e8c917a273aaf17bb77dc064af8,bed9a9cf028d7f2a1340b5215f0ef7293a9eb242,main,220,committed,,rejected_inference_conflict,2026-09-06T12:53:38+00:00
experiment,,experiments/v2/innovation/INNOVATION-053_pgsd/EXPERIMENT.yaml,b90fd34ace89438e7ab5e071766d7727d32817e1,bed9a9cf028d7f2a1340b5215f0ef7293a9eb242,main,219,committed,,rejected_uncentered_loss_scale,2026-09-06T12:53:38+00:00
experiment,,experiments/v2/innovation/INNOVATION-054_cpgsd/EXPERIMENT.yaml,1021f5ce90007531759cbc3bf99525ddf3415ca7,bed9a9cf028d7f2a1340b5215f0ef7293a9eb242,main,218,committed,,rejected_patch_weighting_no_gain,2026-09-06T12:53:38+00:00
experiment,,experiments/v2/innovation/INNOVATION-055_tigr/EXPERIMENT.yaml,c179c9bca4a35187e4c62aed7607a4e5d9aee42f,bed9a9cf028d7f2a1340b5215f0ef7293a9eb242,main,216,committed,,rejected_identity_direction_no_gain,2026-09-06T12:53:38+00:00
experiment,,experiments/v2/innovation/INNOVATION-056_twls/EXPERIMENT.yaml,f970863fab3ba4d4af803e8af19f945237bd5127,bed9a9cf028d7f2a1340b5215f0ef7293a9eb242,main,215,committed,,rejected_uniform_sharpening,2026-09-06T12:53:38+00:00
experiment,,experiments/v2/innovation/INNOVATION-057_tpld/EXPERIMENT.yaml,539886fd5f633e61379788cebd3d4755deb35e74,bed9a9cf028d7f2a1340b5215f0ef7293a9eb242,main,214,committed,,rejected_pairwise_graph_harm,2026-09-06T12:53:38+00:00
experiment,,experiments/v2/innovation/INNOVATION-058_agct/EXPERIMENT.yaml,2019555ee86cf91bfa4d79896cbada38b482db30,1a7294ab515970cc20f6a4aeef2530cf6dc2a1ad,exp/v2/innovation/innovation-058-agct,2,committed,,supported_two_seed_weak_gain,2026-09-06T12:53:38+00:00
experiment,,experiments/v2/innovation/INNOVATION-058_agct/EXPERIMENT.yaml,bd4f9c8e81bc38e66713550bb0521b3e9643b844,bed9a9cf028d7f2a1340b5215f0ef7293a9eb242,main,211,committed,,supported_precision_two_seed_axis_closed,2026-09-06T12:53:38+00:00
experiment,,experiments/v2/innovation/INNOVATION-059_cctb/EXPERIMENT.yaml,28ab7803a12e80f248f8313851dfcd237b4965c2,bed9a9cf028d7f2a1340b5215f0ef7293a9eb242,main,212,committed,,rejected_gate_too_sparse_no_effect,2026-09-06T12:53:38+00:00
experiment,,experiments/v2/innovation/INNOVATION-060_magt/EXPERIMENT.yaml,813c296a812829e4f516ab23785cdf5caa795882,bed9a9cf028d7f2a1340b5215f0ef7293a9eb242,main,210,committed,,rejected_duplicate_sources,2026-09-06T12:53:38+00:00
experiment,,experiments/v2/innovation/INNOVATION-061_agpt/EXPERIMENT.yaml,d1ce5b7d678a0d58669a347432442a09de5f5553,bed9a9cf028d7f2a1340b5215f0ef7293a9eb242,main,209,committed,,rejected_patch_tie_break_harm,2026-09-06T12:53:38+00:00
experiment,,experiments/v2/innovation/INNOVATION-062_gpes/EXPERIMENT.yaml,c224c77ce9a26cbea01cbf9507d83a2da324870c,bed9a9cf028d7f2a1340b5215f0ef7293a9eb242,main,207,committed,,rejected_small_pair_overfit,2026-09-06T12:53:38+00:00
experiment,,experiments/v2/innovation/INNOVATION-063_gwps/EXPERIMENT.yaml,f32aa6cbc98c2171c8b0f7d30e1c9affc55f1e24,bed9a9cf028d7f2a1340b5215f0ef7293a9eb242,main,206,committed,,supported_two_seed_feature_provenance_incomplete,2026-09-06T12:53:38+00:00
experiment,,experiments/v2/innovation/INNOVATION-064_bgwps/EXPERIMENT.yaml,00a2521fedcb50b88f1d904528b39ed48e0df8f5,bed9a9cf028d7f2a1340b5215f0ef7293a9eb242,main,205,committed,,rejected_overbalanced_pairs,2026-09-06T12:53:38+00:00
experiment,,experiments/v2/innovation/INNOVATION-065_mbgwps/EXPERIMENT.yaml,82f5880e9e60ed1b6e788c588995aa6eef2792a5,bed9a9cf028d7f2a1340b5215f0ef7293a9eb242,main,204,committed,,rejected_mild_balance_still_overcorrects,2026-09-06T12:53:38+00:00
experiment,,experiments/v2/innovation/INNOVATION-066_egpes/EXPERIMENT.yaml,3d7fc4374020033db20eb81ac1f395fa56d4754c,bed9a9cf028d7f2a1340b5215f0ef7293a9eb242,main,203,committed,,rejected_below_gwps,2026-09-06T12:53:38+00:00
experiment,,experiments/v2/innovation/INNOVATION-067_nps/EXPERIMENT.yaml,e3dc344fe130af9df9c0e27327fa30b58bc09c12,bed9a9cf028d7f2a1340b5215f0ef7293a9eb242,main,202,committed,,rejected_equal_but_not_better,2026-09-06T12:53:38+00:00
experiment,,experiments/v2/innovation/INNOVATION-068_tgwps/EXPERIMENT.yaml,601ccd3ebb1fbe07862a8dba9c2cc634d8c6c363,35e61afe17eec36403917139fb1dec964959ff8f,exp/v2/innovation/innovation-067_nps,1,committed,,planned,2026-09-06T12:53:38+00:00
experiment,,experiments/v2/innovation/INNOVATION-068_tgwps/EXPERIMENT.yaml,feeebe54ab2e95246f6a7c6b32637ab929a71453,bed9a9cf028d7f2a1340b5215f0ef7293a9eb242,main,201,committed,,rejected_below_agct_retained_patch_free,2026-09-06T12:53:38+00:00
experiment,,experiments/v2/innovation/INNOVATION-069_sgwps/EXPERIMENT.yaml,68aca213a894219e3b9c179c4d485f21fd22fb5d,bed9a9cf028d7f2a1340b5215f0ef7293a9eb242,main,200,committed,,supported_two_seed_patch_free,2026-09-06T12:53:38+00:00
experiment,,experiments/v2/innovation/INNOVATION-070_rgwps/EXPERIMENT.yaml,e5a27463c312ded8301da5765ca50a02372bb971,bed9a9cf028d7f2a1340b5215f0ef7293a9eb242,main,199,committed,,rejected,2026-09-06T12:53:38+00:00
experiment,,experiments/v2/innovation/INNOVATION-071_crgwps/EXPERIMENT.yaml,79fb6f406a8a3811e8f38208ab3e2b5b573d485f,bed9a9cf028d7f2a1340b5215f0ef7293a9eb242,main,198,committed,,supported_two_seed_patch_free,2026-09-06T12:53:38+00:00
experiment,,experiments/v2/innovation/INNOVATION-072_snps/EXPERIMENT.yaml,f9f1923856f59d663fc6a0462d5f8c39037afbb5,2e78bae9b101761b2c0ad7854bc54d6ec13c6983,exp/v2/innovation/innovation-072-snps,2,committed,,retained_highest_seed_patch_free,2026-09-06T12:53:38+00:00
experiment,,experiments/v2/innovation/INNOVATION-072_snps/EXPERIMENT.yaml,fea15348e5052979caec4c2bc9654193ed20cf48,bed9a9cf028d7f2a1340b5215f0ef7293a9eb242,main,195,committed,,supported_top3_two_seed_patch_free,2026-09-06T12:53:38+00:00
experiment,,experiments/v2/innovation/INNOVATION-073_msnps/EXPERIMENT.yaml,265e706a9716e771829f7d4d72add5b697a9f3fe,bed9a9cf028d7f2a1340b5215f0ef7293a9eb242,main,196,committed,,supported_two_seed_patch_free,2026-09-06T12:53:38+00:00
experiment,,experiments/v2/innovation/INNOVATION-074_rsnps/EXPERIMENT.yaml,145e88f6e276106440abb5f4b864bcf80c2de439,bed9a9cf028d7f2a1340b5215f0ef7293a9eb242,main,194,committed,,rejected_below_top3_on_seed7,2026-09-06T12:53:38+00:00
experiment,,experiments/v2/innovation/INNOVATION-075_tcps/EXPERIMENT.yaml,27fe11f1244ca354f21aa9a9670690044c99b44e,bed9a9cf028d7f2a1340b5215f0ef7293a9eb242,main,193,committed,,rejected_not_reproducible,2026-09-06T12:53:38+00:00
experiment,,experiments/v2/innovation/INNOVATION-076_pdrs/EXPERIMENT.yaml,db63703a49c2e3fd10a82b7e765a27cac73ee5af,bed9a9cf028d7f2a1340b5215f0ef7293a9eb242,main,192,committed,,rejected_below_top3,2026-09-06T12:53:38+00:00
experiment,,experiments/v2/innovation/INNOVATION-077_etpc/EXPERIMENT.yaml,8c1770491e5667f6e958f7f65fb82eea384e9028,bed9a9cf028d7f2a1340b5215f0ef7293a9eb242,main,191,committed,,rejected_best_parent,2026-09-06T12:53:38+00:00
experiment,,experiments/v2/innovation/INNOVATION-078_rdss/EXPERIMENT.yaml,5adbc4e3b972d0a43b7cf975e99acb35384caf1d,f5338971c61d60b05eabd0a7a495999354299a9a,exp/v2/innovation/innovation-078-rdss,17,committed,,revised_highest_seed_staged_rescue_planned,2026-09-06T12:53:38+00:00
experiment,,experiments/v2/innovation/INNOVATION-078_rdss/EXPERIMENT.yaml,7fe351d7aa22bb3f1d96c622691b755537aaa219,bed9a9cf028d7f2a1340b5215f0ef7293a9eb242,main,173,committed,,retained_highest_seed_not_stable,2026-09-06T12:53:38+00:00
experiment,,experiments/v2/innovation/INNOVATION-079_srdss/EXPERIMENT.yaml,1dfb9c8a4ccba04e016c7a3decc9f99198e85c93,bed9a9cf028d7f2a1340b5215f0ef7293a9eb242,main,189,committed,,rejected_best_parent,2026-09-06T12:53:38+00:00
experiment,,experiments/v2/innovation/INNOVATION-080_trdss/EXPERIMENT.yaml,6c5586608cd61aa887d26df180bdaa8b6755a15a,bed9a9cf028d7f2a1340b5215f0ef7293a9eb242,main,188,committed,,rejected_not_two_seed_consistent,2026-09-06T12:53:38+00:00
experiment,,experiments/v2/innovation/INNOVATION-081_rvps/EXPERIMENT.yaml,91bc101c1e4f613e31a97be570c273e93286aa28,bed9a9cf028d7f2a1340b5215f0ef7293a9eb242,main,187,committed,,rejected_best_parent,2026-09-06T12:53:38+00:00
experiment,,experiments/v2/innovation/INNOVATION-082_csds/EXPERIMENT.yaml,d4953af324980f12b1583944c7f2dba0fc5da103,bed9a9cf028d7f2a1340b5215f0ef7293a9eb242,main,186,committed,,rejected_equal_top3,2026-09-06T12:53:38+00:00
experiment,,experiments/v2/innovation/INNOVATION-083_rugs/EXPERIMENT.yaml,9693bfd180a72627a9c2fa2be2c6f5b2dcab96da,bed9a9cf028d7f2a1340b5215f0ef7293a9eb242,main,185,committed,,rejected_gamma_zero,2026-09-06T12:53:38+00:00
experiment,,experiments/v2/innovation/INNOVATION-084_ndps/EXPERIMENT.yaml,c27a9254769325d480f63f3d86ffa4260f70bb9f,bed9a9cf028d7f2a1340b5215f0ef7293a9eb242,main,184,committed,,rejected_not_two_seed_consistent,2026-09-06T12:53:38+00:00
experiment,,experiments/v2/innovation/INNOVATION-085_lscr/EXPERIMENT.yaml,a92e864dab9207ef1b0db422f1d7b20d6e405e21,bed9a9cf028d7f2a1340b5215f0ef7293a9eb242,main,183,committed,,rejected_best_parent,2026-09-06T12:53:38+00:00
experiment,,experiments/v2/innovation/INNOVATION-086_cmrcs/EXPERIMENT.yaml,773067a35bd950a824c81d24f2ec020cd51036ab,0bc0227bd837cc8a0ca84b81cd1ca7abf94be3e4,exp/v2/innovation/innovation-086-cmrcs,1,committed,,failed_runtime_closed_without_method_result,2026-09-06T12:53:38+00:00
experiment,,experiments/v2/innovation/INNOVATION-087_mhps/EXPERIMENT.yaml,1190fa1a40ea16ca67d7eb827f818b12148e17db,bed9a9cf028d7f2a1340b5215f0ef7293a9eb242,main,181,committed,,rejected_below_top3,2026-09-06T12:53:38+00:00
experiment,,experiments/v2/innovation/INNOVATION-088_fbps/EXPERIMENT.yaml,49d2adb3202c52be0d955203f338d6ebe2093896,bed9a9cf028d7f2a1340b5215f0ef7293a9eb242,main,180,committed,,rejected_not_two_seed_consistent,2026-09-06T12:53:38+00:00
experiment,,experiments/v2/innovation/INNOVATION-089_bfps/EXPERIMENT.yaml,4d5115a7a7135ddfd245e183a03c9f00e1ce20fc,bed9a9cf028d7f2a1340b5215f0ef7293a9eb242,main,179,committed,,rejected_below_top3,2026-09-06T12:53:38+00:00
experiment,,experiments/v2/innovation/INNOVATION-090_aps/EXPERIMENT.yaml,7cdb51d83390ddce44eb42abe244cbb66e812ef3,bed9a9cf028d7f2a1340b5215f0ef7293a9eb242,main,178,committed,,rejected_below_top3,2026-09-06T12:53:38+00:00
experiment,,experiments/v2/innovation/INNOVATION-091_cups/EXPERIMENT.yaml,a0ba977a946041493b1d22793292bcbd811d849b,bed9a9cf028d7f2a1340b5215f0ef7293a9eb242,main,177,committed,,rejected_extreme_class_weights,2026-09-06T12:53:38+00:00
experiment,,experiments/v2/innovation/INNOVATION-092_tfps/EXPERIMENT.yaml,03d900e248c0064026d5c8141cd4d821a9a12039,bed9a9cf028d7f2a1340b5215f0ef7293a9eb242,main,176,committed,,rejected_below_top3,2026-09-06T12:53:38+00:00
experiment,,experiments/v2/innovation/INNOVATION-093_edps/EXPERIMENT.yaml,e20a14baeb6e8d6abbddd8d95ffbc6559e89e95a,bed9a9cf028d7f2a1340b5215f0ef7293a9eb242,main,175,committed,,failed_runtime_closed_without_method_result,2026-09-06T12:53:38+00:00
experiment,,experiments/v2/innovation/INNOVATION-094_edps2/EXPERIMENT.yaml,8b65451015db0c9492ede02b3dc009b76821424a,bed9a9cf028d7f2a1340b5215f0ef7293a9eb242,main,174,committed,,rejected_not_two_seed_consistent,2026-09-06T12:53:38+00:00
experiment,,experiments/v2/innovation/INNOVATION-095_sedps/EXPERIMENT.yaml,55569a8725ff0fd408540ec6236aed775f111f52,bed9a9cf028d7f2a1340b5215f0ef7293a9eb242,main,172,committed,,supported_two_seed_stagewise,2026-09-06T12:53:38+00:00
experiment,,experiments/v2/innovation/INNOVATION-096_ceps/EXPERIMENT.yaml,97aac6ff9e1b81c05fb2074301f48ac0354af1d3,bed9a9cf028d7f2a1340b5215f0ef7293a9eb242,main,171,committed,,rejected_consistency_axis,2026-09-06T12:53:38+00:00
experiment,,experiments/v2/innovation/INNOVATION-097_jeds/EXPERIMENT.yaml,05438ac727c1f852f3b8264a74bf3bdf57376dce,bed9a9cf028d7f2a1340b5215f0ef7293a9eb242,main,170,committed,,rejected_no_gain_extra_compute,2026-09-06T12:53:38+00:00
experiment,,experiments/v2/innovation/INNOVATION-098_nrps/EXPERIMENT.yaml,bb4ffe026ae5a523533a592409bb92aa4503a2ed,bed9a9cf028d7f2a1340b5215f0ef7293a9eb242,main,169,committed,,rejected_nonlinear_seen_ce,2026-09-06T12:53:38+00:00
experiment,,experiments/v2/innovation/INNOVATION-099_tdrs/EXPERIMENT.yaml,53ef510ee5c9f784072c7cc968aac02f5b08684a,bed9a9cf028d7f2a1340b5215f0ef7293a9eb242,main,168,committed,,rejected_train_unseen_sign_reversal,2026-09-06T12:53:38+00:00
experiment,,experiments/v2/tune/TUNE-001_standard_clip_validation/EXPERIMENT.yaml,536c8aa33b1afc71108f6aa894b3231dd6ed9a63,bed9a9cf028d7f2a1340b5215f0ef7293a9eb242,main,265,committed,,topology_axis_closed,2026-09-06T12:53:38+00:00
experiment,,experiments/v2/tune/TUNE-002_nested_three_module_validation/EXPERIMENT.yaml,0430f86e1e9c3897c517d1422d826631ecf1e1aa,bed9a9cf028d7f2a1340b5215f0ef7293a9eb242,main,167,committed,,closed_no_outer_validation_gain,2026-09-06T12:53:38+00:00
experiment,,experiments/v2/tune/TUNE-003_pure_threefold_hparams/EXPERIMENT.yaml,ea67fa06ca1b4a515c36c9516da28f6fc3b3260a,bed9a9cf028d7f2a1340b5215f0ef7293a9eb242,main,166,committed,,completed_hyperparameters_frozen,2026-09-06T12:53:38+00:00
experiment,,experiments/v2/tune/TUNE-004_multidataset_chen_hparams/EXPERIMENT.yaml,3ab80ca6751d926e1eec7de03034803b342a99f3,bed9a9cf028d7f2a1340b5215f0ef7293a9eb242,main,165,committed,,planned_topology_coarse,2026-09-06T12:53:38+00:00
experiment,,experiments/v2/tune/TUNE-005_seen_only_text_assets/EXPERIMENT.yaml,c8f0745e2941769c61ca8a7e34b14607b79e5a73,bed9a9cf028d7f2a1340b5215f0ef7293a9eb242,main,165,committed,,completed_text_v1_diagnostic,2026-09-06T12:53:38+00:00
experiment,,experiments/v2/tune/TUNE-006_text_v2_recovery/EXPERIMENT.yaml,97cfcdf98c4bcf1263cb113ba422dae73827f385,bed9a9cf028d7f2a1340b5215f0ef7293a9eb242,main,165,committed,,phase1_completed_all_three_pass,2026-09-06T12:53:38+00:00
experiment,,experiments/v2/tune/TUNE-007_text_v2_chen_hparams/EXPERIMENT.yaml,4fe004af050a6da90f6c7b93dbe6e84cae3c46c6,bed9a9cf028d7f2a1340b5215f0ef7293a9eb242,main,165,committed,,topology_coarse_completed_paused_by_owner,2026-09-06T12:53:38+00:00
experiment,,experiments/v3/confirmation/CONFIRM-014_fresh_effective_modules/EXPERIMENT.yaml,aca400d92ca782846752e63e18493bd01f75643e,645b609a95e44404ed7a9e65914adcd31bf065f3,exp/v3/confirmation/confirmation-014-fresh-effective-modules,1,committed,,completed,2026-09-06T12:53:38+00:00
experiment,,experiments/v3/innovation/INNOVATION-015_lver/EXPERIMENT.yaml,dac1c3c0c9b94c36858a75a3a12556263fd0adc0,6e5142548c0da2c0696519d5d0eb2181888f41dc,codex/v3-dual-visual-candidates,3,committed,,completed_rejected,2026-09-06T12:53:38+00:00
experiment,,experiments/v3/innovation/INNOVATION-016_pcpc/EXPERIMENT.yaml,f24182bbef227f130d8ba380a912def01e21660d,6e5142548c0da2c0696519d5d0eb2181888f41dc,codex/v3-dual-visual-candidates,3,committed,,completed_rejected,2026-09-06T12:53:38+00:00
experiment,,experiments/v4/ablation/ABLATION-001_clip_vitb32_backbone/EXPERIMENT.yaml,43d91b99b047ec4c9dcb745c465f1e19eabb8c68,0c531a8f212eee5e73511bfb66b8e17f856802b8,exp/v4/ablation/ablation-001-clip-vitb32,1,committed,,completed,2026-09-06T12:53:38+00:00
experiment,,experiments/v4/ablation/ABLATION-002_gtd_coordinate_specificity/EXPERIMENT.yaml,7b8fe58158bd4761eb7ed9b7bc7f5a7cfb8fad2d,f52a58691e68237aec9ec0d7096e69c7ef474929,exp/v4/ablation/ablation-002-gtd-coordinate-specificity,3,committed,,completed_claim_falsified,2026-09-06T12:53:38+00:00
experiment,,experiments/v4/ablation/ABLATION-003_sid_gtd_cub/EXPERIMENT.yaml,c77e4a21040483c34e8255f3909aa12fb3b16acc,08fda2f24fe03c2cf6660414007ca7368a39033f,exp/v4/ablation/ablation-003-sid-gtd-cub,1,committed,,completed_drop,2026-09-06T12:53:38+00:00
experiment,,experiments/v4/confirmation/CONFIRM-001_validation_selected_tg_gtd/EXPERIMENT.yaml,7764ca56f5b5baa8b09f1eac6bfb08fb124d9039,20a9db1b1d3592a901ffa4ba6ff675b8c3908c2f,exp/v4/confirmation/confirmation-001-validation-selected,1,committed,,,2026-09-06T12:53:38+00:00
experiment,,experiments/v4/confirmation/CONFIRM-002_xian_validation_multiseed/EXPERIMENT.yaml,f76d8ac93428b40f2d38fab13993dc3f72321c0f,84352c33b0af4d6fb587a71a290f2e0f31cba272,exp/v4/confirmation/confirmation-002-xian-validation-multiseed,2,committed,,completed_validation_first_five_seed,2026-09-06T12:53:38+00:00
experiment,,experiments/v4/innovation/innovation-018-pecv/EXPERIMENT.yaml,44aaa80cb6d8aaf5a19e382ed00921e8472aa21a,c4341027c17410d8c60c072780361802df4e9796,exp/v4/innovation/innovation-018-pecv,1,committed,,gate_passed,2026-09-06T12:53:38+00:00
experiment,,experiments/v4/innovation/innovation-020-pecv-formal/EXPERIMENT.yaml,276dd16517c103676b0bef9ca34b53d88255d7ce,6ece11dc62890e26d9210a138b792542b6a43289,exp/v4/innovation/innovation-020-pecv-formal,1,committed,,completed_drop,2026-09-06T12:53:38+00:00
experiment,,experiments/v4/tune/TUNE-001_calibrated_stacking/EXPERIMENT.yaml,b302c1e32d7b52f808501a0e94bb04d2dd51f5f1,c0875eb60971bdb39c17974dafe47a4f27273818,exp/v4/tune/tune-001-calibrated-stacking,1,committed,,completed,2026-09-06T12:53:38+00:00
experiment,,experiments/v4/tune/TUNE-002_tg_gtd_hparams/EXPERIMENT.yaml,c78e8d15e13ae76ac0c0612eba626674e3f3838b,f52a58691e68237aec9ec0d7096e69c7ef474929,exp/v4/ablation/ablation-002-gtd-coordinate-specificity,3,committed,,completed_not_selected,2026-09-06T12:53:38+00:00
experiment,,experiments/v4/tune/TUNE-002_tg_gtd_hparams/EXPERIMENT.yaml,9c40c2a51a361a1c51a522ea8d76d4b90a9d7097,bed9a9cf028d7f2a1340b5215f0ef7293a9eb242,main,104,committed,,completed_not_selected,2026-09-06T12:53:38+00:00
experiment,,experiments/v6/innovation/V6-INNOVATION-001_COMPILED_PCLR/EXPERIMENT.yaml,50d910c0a6d508eecce6f36d94be2fb5edf3e6db,2f7837266f4077b3fb7e40927fc6571499a76747,exp/v6/innovation/v6-try-006-compiled-pclr,1,committed,,completed_owner_override_keep_efficiency_candidate,2026-09-06T12:53:38+00:00
experiment,,experiments/v6/innovation/V6-INNOVATION-001_COMPILED_PCLR/EXPERIMENT.yaml,492b5cd7c5032465a4384a61ca7d65aeeeef8b88,bed9a9cf028d7f2a1340b5215f0ef7293a9eb242,main,40,committed,,promoted_framework_v7,2026-09-06T12:53:38+00:00
experiment,,experiments/v7/ablation/V7-ABLATION-001_ONE_TEXT_CUB_RETRAINED/EXPERIMENT.yaml,e9ab187cae9948849d67a8620ff130707b7862b8,15080b9fca55e004638e1ec87dd2644058890d83,exp/v7/tune/tune-012-one-text-e2e,1,committed,,completed,2026-09-06T12:53:38+00:00
experiment,,experiments/v7/ablation/V7-ABLATION-002_SEEN_CE_RETRAINED_SVI/EXPERIMENT.yaml,9dcafc02023a23ce4438c2113f2b0a00885f2897,ebb782a8cf54885ad31df21ff68c131dcaa1ed0d,exp/v7/ablation/ablation-002-seen-ce,1,committed,,completed,2026-09-06T12:53:38+00:00
experiment,,experiments/v7/ablation/V7-ABLATION-003_PURECLIP_SVI/EXPERIMENT.yaml,fb896957698f99fd488dc7694b0897cfaf7e411e,a34c7ebef577c939b9c15508a50d6c973527a550,exp/v7/ablation/ablation-003-pureclip-svi,1,committed,,running,2026-09-06T12:53:38+00:00
experiment,,experiments/v7/ablation/V7-ABLATION-004_NO_PARENT_HEAD/EXPERIMENT.yaml,e8990fc9c386f58c4c83933045409197b6a7dcf2,cd90f89d726ca8b76b5481d78b9cdc81325952bf,exp/v7/ablation/ablation-004-no-parent-head,1,committed,,completed,2026-09-06T12:53:38+00:00
experiment,,experiments/v7/ablation/V7-ABLATION-005_PSR_FACTORIAL/EXPERIMENT.yaml,1a177c7ff4a62de6de5b3498368b46d0a3a6652e,cb5568e6180606819440d2f981e18912906f3f07,exp/v7/ablation/ablation-005-psr-factorial,7,committed,,completed,2026-09-06T12:53:38+00:00
experiment,,experiments/v7/ablation/V7-ABLATION-006_TEXT_BASELINE_LADDER/EXPERIMENT.yaml,bb26ea135e467b0238b3f096bb6940024d64a5de,2bdc7227bad8ef1ed0776574e51dad05571bef8d,exp/v7/ablation/ablation-006-text-baseline-ladder,2,committed,,seed7_ladder_completed_pending_multiseed_confirmation,2026-09-06T12:53:38+00:00
experiment,,experiments/v7/ablation/V7-ABLATION-006_TUNE014_R_OFF_RETRAIN/EXPERIMENT.yaml,c947124c157351e5c2920fd48e02663609f5d59b,96f19979e1dd1016080295cb0d8225e1c3ec74ad,exp/v7/ablation/ablation-006-class-held-out-r,1,committed,,completed,2026-09-06T12:53:38+00:00
experiment,,experiments/v7/ablation/V7-ABLATION-007_CUPL_ANCHORED_CONTROL/EXPERIMENT.yaml,0cb1f2ae91b70b0431c9e6c74242113e55f784ca,2ad0b9f8bb76cfa2e8d2cb1c890ab190fa39f716,exp/v7/ablation/ablation-007-cupl-anchored-control,1,committed,,prepared_pending_cross_review,2026-09-06T12:53:38+00:00
experiment,,experiments/v7/confirmation/V7-CONFIRM-001_MULTIDATASET/EXPERIMENT.yaml,d780895395469b0d92680ea78fa8a7fe1160300a,3edc5aba6391833f29345da6f341f9ad84729203,exp/v7/confirmation/confirmation-001-multidataset,1,committed,,completed_mixed_owner_accepts_sun,2026-09-06T12:53:38+00:00
experiment,,experiments/v7/confirmation/V7-CONFIRM-002_PSR_MULTIDATASET_MULTISEED/EXPERIMENT.yaml,d31f51e6d6a43c051d36ada4e559b29a2098e841,961af93a8a862c8c8c2830dc9d6ac3a427649c82,exp/v7/confirmation/confirmation-002-psr-multidataset-multiseed,1,committed,,completed_mixed_cross_dataset_result,2026-09-06T12:53:38+00:00
experiment,,experiments/v7/confirmation/V7-CONFIRM-003_CUB_LADDER_MULTISEED/EXPERIMENT.yaml,7d12c349bcdc1939e65c3aa16b51cf457a7efd0f,ed21977963287eedc1c0aeca8988af2d37028bd4,exp/v7/confirmation/confirmation-003-cub-ladder-multiseed,1,committed,,completed,2026-09-06T12:53:38+00:00
experiment,,experiments/v7/innovation/V7-INNOVATION-001_PCRS/EXPERIMENT.yaml,fea0f73c6cc25eedfe4af6c4a1fe196214469518,d3132409f42126ca203fcb4f1bf47c6ec0ea2675,exp/v7/innovation/innovation-001-pcrs-v2,1,committed,,completed_drop_stage1_accuracy_gate,2026-09-06T12:53:38+00:00
experiment,,experiments/v7/tune/V7-TUNE-001_AWA2_PARENT_GUARD/EXPERIMENT.yaml,fcecd3b81bf542bb81507cf08a044ca3f552f91f,264cbd56e1d8c4cfa53719fc98d7cc51190d1422,exp/v7/tune/tune-001-awa2-parent-guard,1,committed,,fixed200_completed_near_parent,2026-09-06T12:53:38+00:00
experiment,,experiments/v7/tune/V7-TUNE-002_AWA2_NEUTRAL_INIT/EXPERIMENT.yaml,08a423cac132489d779953169d2e0187c6169891,7ac551a5071a3d831e713b0a9478c91d9feccd04,exp/v7/tune/tune-002-awa2-neutral-init,1,committed,,completed_drop,2026-09-06T12:53:38+00:00
experiment,,experiments/v7/tune/V7-TUNE-003_SOFT_UTILITY_GATE/EXPERIMENT.yaml,190099f65c7509c2f9d21bf8fc7d6e46e8ad22ef,1e3a33501ba741de38d10effcf8a58415faf99cb,exp/v7/tune/tune-003-soft-utility-gate,1,committed,,completed_drop_crossdataset,2026-09-06T12:53:38+00:00
experiment,,experiments/v7/tune/V7-TUNE-004_BILEVEL_TRANSFER/EXPERIMENT.yaml,ca2adefbab0571f64bbf4b084b6a924741f75886,e8a4946749e4390afb06b33ab46786143a212c62,exp/v7/tune/tune-004-bilevel-transfer,1,committed,,completed_drop_no_bilevel_signal,2026-09-06T12:53:38+00:00
experiment,,experiments/v7/tune/V7-TUNE-005_BILEVEL_SOFT_GATE/EXPERIMENT.yaml,c0d2a41287dea289b780a7fe1632b4489f4c0496,bd00ee717a0de05fecd8664ac14de8d6e6e6eba9,exp/v7/tune/tune-005-bilevel-soft-gate,1,committed,,completed_drop_insufficient_awa2_rescue,2026-09-06T12:53:38+00:00
experiment,,experiments/v7/tune/V7-TUNE-006_FULL_BILEVEL/EXPERIMENT.yaml,fdb432606ee94f832c10ba1e4cb24a710f0cb4d1,e1ceca41f8346baf4dbd78b9700ec8355b1a38d6,exp/v7/tune/tune-006-full-bilevel,1,committed,,completed_drop_both_conditions,2026-09-06T12:53:38+00:00
experiment,,experiments/v7/tune/V7-TUNE-007_UNIFIED_ROLE_RELATIONS/EXPERIMENT.yaml,0eb35f0354ee954028445c06fba6f4ce42e6b86a,144b7c31cfbd486bcb4a844983c48698d41a6c3e,exp/v7/tune/tune-007-unified-role-relations,1,committed,,completed_drop_salient_candidate,2026-09-06T12:53:38+00:00
experiment,,experiments/v7/tune/V7-TUNE-008_ONE_TEXT_SIMPLIFICATION/EXPERIMENT.yaml,8b8b4625f45dc36533b1f34432be8bc81b967b5f,aedd6e921b0766d0c1e16754edbf2201efe3b785,exp/v7/tune/tune-008-one-text-simplification,1,committed,,completed_keep_simplification,2026-09-06T12:53:38+00:00
experiment,,experiments/v7/tune/V7-TUNE-009_ONE_TEXT_READER/EXPERIMENT.yaml,a005f6cf76fbe9f21efde7016e0c4090d6903bd2,93457fe6637d879e414b3327ce04794ceae64adb,exp/v7/tune/tune-009-one-text-reader-probe,1,committed,,completed_drop_reader,2026-09-06T12:53:38+00:00
experiment,,experiments/v7/tune/V7-TUNE-010_ONE_TEXT_FULL_GATE0/EXPERIMENT.yaml,c600e5c5668a79aa6af28d58a829732478659306,5df71878d79d3d21b4530fedd861e1386096605a,exp/v7/tune/tune-010-one-text-full-gate0,1,committed,,completed_drop_gate0,2026-09-06T12:53:38+00:00
experiment,,experiments/v7/tune/V7-TUNE-011_ONE_TEXT_READER_ALPHA/EXPERIMENT.yaml,6e1111923381e0d1d7ba43c7315570185c4669ec,8fe7959a93b0c472d604815a6282b3924c60d014,exp/v7/tune/tune-011-one-text-reader-alpha,1,committed,,planned,2026-09-06T12:53:38+00:00
experiment,,experiments/v7/tune/V7-TUNE-012_ONE_TEXT_E2E/EXPERIMENT.yaml,bab7332ffaace1022a2d500c7096218da69b3d8b,15080b9fca55e004638e1ec87dd2644058890d83,exp/v7/tune/tune-012-one-text-e2e,1,committed,,planned,2026-09-06T12:53:38+00:00
experiment,,experiments/v7/tune/V7-TUNE-013_ONE_TEXT_SEEN_ONLY_CE/EXPERIMENT.yaml,0bbc3f62254505981e90eeb6932c32d6da858c4b,f037869a08429fb63941dc4f368fac175ce73da0,codex/v7-psr-occupancy-diagnostic,14,committed,,planned,2026-09-06T12:53:38+00:00
experiment,,experiments/v7/tune/V7-TUNE-013_ONE_TEXT_SEEN_ONLY_CE/EXPERIMENT.yaml,ca3d062489b0f0489d6adf0278ac1d93552e8867,0d8806cb674b98ca99022a57ae7ce0da0840bdfb,exp/v7/tune/tune-013-one-text-seen-ce,1,committed,,completed_drop_below_formal_floor,2026-09-06T12:53:38+00:00
experiment,,experiments/v7/tune/V7-TUNE-013_ONE_TEXT_SEEN_ONLY_CE/EXPERIMENT.yaml,6025cc2c2666f062efb87d08b42670739d6ed2d9,e10907d73ce81853783580d8497c06a50a18349b,exp/v7/tune/tune-013-one-text-seen-ce-clean,1,committed,,planned,2026-09-06T12:53:38+00:00
experiment,,experiments/v7/tune/V7-TUNE-014_CLASS_HELD_OUT_VI/EXPERIMENT.yaml,10825ec43922b8be0a99a57006d47daf0c921333,96f19979e1dd1016080295cb0d8225e1c3ec74ad,exp/v7/ablation/ablation-006-class-held-out-r,2,committed,,completed_drop_below_formal_floor,2026-09-06T12:53:38+00:00
experiment,,experiments/v7/tune/V7-TUNE-015_TEXT_RELATION_OPERATOR/EXPERIMENT.yaml,0f07352a719daed29d9ff99b5073f7fcc2757126,b10b35c1005db402acee584f9e2de887102866df,exp/v7/tune/tune-015-relation-visual-operator,1,committed,,completed_drop_below_formal_floor,2026-09-06T12:53:38+00:00
experiment,,experiments/v8/diagnostic/DIAGNOSTIC-002_triadic_evidence/EXPERIMENT.yaml,26a4e58e086f057994af2060a25070efdbc6d83c,1d611b3acb9fdfb329ade5ab18c57a425d0eec72,codex/v8-triadic-evidence-gate0,1,committed,,pre_run,2026-09-06T12:53:38+00:00
framework,,experiments/v1/FRAMEWORK.yaml,03a29ce591b80e8cf4aef4df5b392890d6e1f067,82a160aeb2a41e775436aca67c41f17e1d446631,codex/research-workflow-rules,1,committed,,code_bootstrap_passed_pending_baseline,2026-09-06T12:53:38+00:00
framework,,experiments/v1/FRAMEWORK.yaml,4526b51faa91052bd9024dd3bd000458479df35c,5c9447bfa60c0bde506a089dc93874a032e41f72,exp/v1/confirmation/confirm-001-v1-baseline,1,committed,,baseline_completed_with_runtime_device_fix,2026-09-06T12:53:38+00:00
framework,,experiments/v1/FRAMEWORK.yaml,99e7d4e5c0a17e69f8111994f99153f70d74aca6,bed9a9cf028d7f2a1340b5215f0ef7293a9eb242,main,326,committed,,baseline_completed_with_runtime_device_fix,2026-09-06T12:53:38+00:00
framework,,experiments/v2/FRAMEWORK.yaml,1181768bfeba4dfe5f10102c0d89794b5692bc56,aff1212476c014398c8945c0536d7632895271a2,codex/adma,229,committed,,baseline_completed_single_seed,2026-09-06T12:53:38+00:00
framework,,experiments/v2/FRAMEWORK.yaml,78b1da4ec4a2ae237aa5fb66869db1a3cf935433,3dc078c0d52bf358bf24a26e48346c97de9e99ca,codex/promote-tg-vpr-h1-v2,2,committed,,formal_pending_new_repository_baseline,2026-09-06T12:53:38+00:00
framework,,experiments/v2/FRAMEWORK.yaml,3d9e038f0b3094e9245e6fbe5ae6444e5eb1b02b,bed9a9cf028d7f2a1340b5215f0ef7293a9eb242,main,92,committed,,baseline_completed_single_seed,2026-09-06T12:53:38+00:00
framework,,experiments/v4/FRAMEWORK.yaml,f7b295bc080f2272f8a15c6d34f274d5486cb1cc,3cb699ed88b6b7a89cac123593f5940447cba5f8,codex/hccp-transfer,45,committed,,promoted_with_three_dataset_evidence,2026-09-06T12:53:38+00:00
framework,,experiments/v4/FRAMEWORK.yaml,987ea35e0621942d84da0ad51f20d6bc4adbf8c1,bed9a9cf028d7f2a1340b5215f0ef7293a9eb242,main,92,committed,,promoted_with_three_dataset_evidence,2026-09-06T12:53:38+00:00
framework,,experiments/v5/FRAMEWORK.yaml,a25337334ce5602ab5773d4c1d5e78c93a0e56c2,bed9a9cf028d7f2a1340b5215f0ef7293a9eb242,main,88,committed,,promoted_nested_test_selected_with_multidataset_generic_evidence,2026-09-06T12:53:38+00:00
framework,,experiments/v6/FRAMEWORK.yaml,c730878aab4c6704a7df33856598fac6e344b005,ff7300d547911e8c5fe54c5fa2127b0620b4b4d4,exp/v6/diagnostic/v6-try-003-mbre,1,committed,,diagnostic_code_frozen_pending_final_cross_review,2026-09-06T12:53:38+00:00
framework,,experiments/v6/FRAMEWORK.yaml,c9e1c55f988fb3b0a33f9e84e58f5e680762a53f,9720180b206a6d73089011c6b5df9f52e51b1e74,exp/v6/innovation/v6-try-001-role-tripool,1,committed,,development_candidate,2026-09-06T12:53:38+00:00
framework,,experiments/v6/FRAMEWORK.yaml,7b57450dd679a794db9d2502a43b03b2ac66aa76,74392b4bcdd71534e6ac202a29bb7d80e0841e7e,exp/v6/innovation/v6-try-002-seav,1,committed,,rejected_pre_implementation,2026-09-06T12:53:38+00:00
framework,,experiments/v6/FRAMEWORK.yaml,02ea31d5f9890c44dbc57d488f368c28f0372608,eb7d958426818829f6200946f76c2d62d2884ca1,exp/v6/innovation/v6-try-003-svra,1,committed,,gate0_supported_candidate,2026-09-06T12:53:38+00:00
framework,,experiments/v6/FRAMEWORK.yaml,5a708c35082cc6a4e72caed47d6759d39a827824,842fecc91bde1760d9fdb85cff3d3169e3558746,exp/v6/innovation/v6-try-004-joint-svra,1,committed,,rejected_at_official_precheck,2026-09-06T12:53:38+00:00
framework,,experiments/v6/FRAMEWORK.yaml,4331f92f3e9544b4cf0f4dba1aba8e7c745b44fb,213dfa1428bbdfface042b48884a1928fce44b4e,exp/v6/innovation/v6-try-005-desc,1,committed,,rejected_at_official_precheck,2026-09-06T12:53:38+00:00
framework,,experiments/v6/FRAMEWORK.yaml,0b1dfd87a7314882076f4bdf029d469ee0b98f63,b19474702ad54de20b49b0a175a78d6497c9be33,exp/v6/innovation/v6-try-006-crc,1,committed,,development_candidate_gate_b_pending,2026-09-06T12:53:38+00:00
framework,,experiments/v6/FRAMEWORK.yaml,23491e11f53ad2170ad6512db57c8ff82296ff1a,bed9a9cf028d7f2a1340b5215f0ef7293a9eb242,main,41,committed,,development_candidate_official_precheck_pending,2026-09-06T12:53:38+00:00
framework,,experiments/v7/FRAMEWORK.yaml,d71efd523f65cade8022c11102aacdacc66dbb87,bed9a9cf028d7f2a1340b5215f0ef7293a9eb242,main,40,committed,,promoted_owner_accepted_first_paper_framework,2026-09-06T12:53:38+00:00
idea,IDEA-001,research/ideas/IDEA-001_tg_vpr_h1.md,3b8f785dd8dc8b5561c1edbd0cc2bfc474d95459,aff1212476c014398c8945c0536d7632895271a2,codex/adma,48,committed,IDEA-001：TG-VPR-H1结构化语义重参数化,supported,2026-09-06T12:53:38+00:00
idea,IDEA-001,research/ideas/IDEA-001_tg_vpr_h1.md,cf4cb12f51e97f6cf67424a2d74a27db5c4ff5a0,cae6eedcaf2d6ccba81bb402d9f1c0cdb00c0c79,codex/agct-source-oracle,179,committed,IDEA-001：TG-VPR-H1结构化语义重参数化,supported,2026-09-06T12:53:38+00:00
idea,IDEA-001,research/ideas/IDEA-001_tg_vpr_h1.md,7ed328d1981b4b8e69485d83aedd19b40d4286fc,fbad7a60a6c38613a9db20afb9ddeaa18955a9ee,codex/migrate-h1-legacy-evidence,1,committed,IDEA-001：TG-VPR-H1结构化语义重参数化,supported,2026-09-06T12:53:38+00:00
idea,IDEA-001,research/ideas/IDEA-001_tg_vpr_h1.md,aa7d7bb0f9c664615e3176a88126459e17b730d7,2bbb23aaa68b9d10209082fa57b28c356a20e83f,codex/v2-project-checklist,1,committed,IDEA-001：TG-VPR-H1结构化语义重参数化,testing,2026-09-06T12:53:38+00:00
idea,IDEA-001,research/ideas/IDEA-001_tg_vpr_h1.md,7d0c77843fb025c34a515156fd6b6bb092d9b084,bed9a9cf028d7f2a1340b5215f0ef7293a9eb242,main,91,committed,IDEA-001：TG-VPR-H1结构化语义重参数化,supported,2026-09-06T12:53:38+00:00
idea,IDEA-002,research/ideas/IDEA-002_unseen_value_transfer.md,ed485d45f90c7832f963d65782cb0ef8154cea47,aff1212476c014398c8945c0536d7632895271a2,codex/adma,221,committed,IDEA-002：共享Value变换迁移到unseen,rejected,2026-09-06T12:53:38+00:00
idea,IDEA-002,research/ideas/IDEA-002_unseen_value_transfer.md,88f9e80b15ce422fd9649b0700e450494dc9d2ea,44ac87decc0bbe9e5830032f1b9899737f44350a,codex/v2-try-001-unseen-transfer,1,committed,IDEA-002：共享Value变换迁移到unseen,testing,2026-09-06T12:53:38+00:00
idea,IDEA-002,research/ideas/IDEA-002_unseen_value_transfer.md,cdf0ec612c637b2062087cac4c7e5cdb8964490c,547bbdea8d10eb8049936173193b877a74fbb9bf,codex/v2-unseen-transfer-multiseed,1,committed,IDEA-002：共享Value变换迁移到unseen,supported,2026-09-06T12:53:38+00:00
idea,IDEA-002,research/ideas/IDEA-002_unseen_value_transfer.md,fb7fd5ef77c473024044dd2ce2c8d80815bf4974,bed9a9cf028d7f2a1340b5215f0ef7293a9eb242,main,92,committed,IDEA-002：共享Value变换迁移到unseen,rejected,2026-09-06T12:53:38+00:00
idea,IDEA-003,research/ideas/IDEA-003_icgr.md,99afcb9601012cd804db87588da5aaf03de5d5b9,aff1212476c014398c8945c0536d7632895271a2,codex/adma,220,committed,IDEA-003：ICGR图像条件三组路由,rejected,2026-09-06T12:53:38+00:00
idea,IDEA-003,research/ideas/IDEA-003_icgr.md,270adca1aa55e140e1befc1570438c8d59cce927,bed9a9cf028d7f2a1340b5215f0ef7293a9eb242,main,92,committed,IDEA-003：ICGR图像条件三组路由,rejected,2026-09-06T12:53:38+00:00
idea,IDEA-004,research/ideas/IDEA-004_acgr.md,6a7a0c5149ae5398eae84d4e077fd5baee9dc008,aff1212476c014398c8945c0536d7632895271a2,codex/adma,219,committed,IDEA-004：ACGR全类中心化三组路由,rejected,2026-09-06T12:53:38+00:00
idea,IDEA-004,research/ideas/IDEA-004_acgr.md,fa1072c9afc3d2b521f0d05326979e44eb254964,3a56c2105b6f48c5a7e65c63a60700ec3fdabb93,codex/trainable-icgr,1,committed,IDEA-004：ACGR全类中心化三组路由,testing,2026-09-06T12:53:38+00:00
idea,IDEA-004,research/ideas/IDEA-004_acgr.md,cc693b4846aff2931a41f620ce9289ec9d78ab02,bed9a9cf028d7f2a1340b5215f0ef7293a9eb242,main,92,committed,IDEA-004：ACGR全类中心化三组路由,rejected,2026-09-06T12:53:38+00:00
idea,IDEA-005,research/ideas/IDEA-005_tst.md,842e15b8e8edde8a090c7acc45ad2c8832da2d99,aff1212476c014398c8945c0536d7632895271a2,codex/adma,29,committed,IDEA-005：TST切空间语义迁移,supported,2026-09-06T12:53:38+00:00
idea,IDEA-005,research/ideas/IDEA-005_tst.md,148fb7bea04ab1707bb32a645294f05e0f3eb42c,2726f20cbf5bf2f6c037083e5cd9fda8b1b30c56,codex/trainable-bmr,11,committed,IDEA-005：TST切空间语义迁移,supported,2026-09-06T12:53:38+00:00
idea,IDEA-005,research/ideas/IDEA-005_tst.md,83432be0430387660a2133b67d582a35aec54990,bed9a9cf028d7f2a1340b5215f0ef7293a9eb242,main,270,committed,IDEA-005：TST切空间语义迁移,supported,2026-09-06T12:53:38+00:00
idea,IDEA-006,research/ideas/IDEA-006_epc.md,f8d5c08441d95e84f08068d2f69b3f1a238e1fda,bed9a9cf028d7f2a1340b5215f0ef7293a9eb242,main,309,committed,IDEA-006：EPC分折先验校准,rejected,2026-09-06T12:53:38+00:00
idea,IDEA-007,research/ideas/IDEA-007_cata.md,e6d3d81279fc524a044dbf797d31b3a1ba1c72d0,bed9a9cf028d7f2a1340b5215f0ef7293a9eb242,main,308,committed,IDEA-007：CATA中心对齐切空间适配,rejected,2026-09-06T12:53:38+00:00
idea,IDEA-008,research/ideas/IDEA-008_spa.md,a8af3088190c94b3d3c12a5cdb8fb22c71ede100,aff1212476c014398c8945c0536d7632895271a2,codex/adma,215,committed,IDEA-008：SPA seen原型视觉锚定,rejected,2026-09-06T12:53:38+00:00
idea,IDEA-008,research/ideas/IDEA-008_spa.md,bfcf2b76c8612ba6e9330ad09c8f702ceddcb6eb,bed9a9cf028d7f2a1340b5215f0ef7293a9eb242,main,92,committed,IDEA-008：SPA seen原型视觉锚定,rejected,2026-09-06T12:53:38+00:00
idea,IDEA-009,research/ideas/IDEA-009_purl.md,f807736274210f8f96b9bc56e8a72850680fd1b8,bed9a9cf028d7f2a1340b5215f0ef7293a9eb242,main,306,committed,IDEA-009：PURL pseudo-unseen风险重加权,rejected,2026-09-06T12:53:38+00:00
idea,IDEA-010,research/ideas/IDEA-010_ntr.md,d5bef6722f8f8e934c6b9a45ffafc1af8a2dacdc,aff1212476c014398c8945c0536d7632895271a2,codex/adma,207,committed,IDEA-010：NTR邻域感知切空间路由,revised,2026-09-06T12:53:38+00:00
idea,IDEA-010,research/ideas/IDEA-010_ntr.md,a2924863567cb72635987452a1f63cc79351a342,2726f20cbf5bf2f6c037083e5cd9fda8b1b30c56,codex/trainable-bmr,6,committed,IDEA-010：NTR邻域感知切空间路由,revised,2026-09-06T12:53:38+00:00
idea,IDEA-010,research/ideas/IDEA-010_ntr.md,2a8f2b2caa161e31cb0470491497c44c66f6b077,bed9a9cf028d7f2a1340b5215f0ef7293a9eb242,main,92,committed,IDEA-010：NTR邻域感知切空间路由,revised,2026-09-06T12:53:38+00:00
idea,IDEA-011,research/ideas/IDEA-011_bmr.md,2ae729854896f3a6e8279221753774854d7482a9,bed9a9cf028d7f2a1340b5215f0ef7293a9eb242,main,304,committed,IDEA-011：BMR双层元路由,rejected,2026-09-06T12:53:38+00:00
idea,IDEA-012,research/ideas/IDEA-012_dpt.md,b4f492fdf7efb877c9af22b15e36f1f6b8ad9d40,bed9a9cf028d7f2a1340b5215f0ef7293a9eb242,main,303,committed,IDEA-012：DPT分布式原型置信度,rejected,2026-09-06T12:53:38+00:00
idea,IDEA-013,research/ideas/IDEA-013_sgt.md,59a9fc79297bbaccc8dfbc6b6bcdf213ac56361b,bed9a9cf028d7f2a1340b5215f0ef7293a9eb242,main,302,committed,IDEA-013：SGT语义图残差迁移,rejected,2026-09-06T12:53:38+00:00
idea,IDEA-014,research/ideas/IDEA-014_mpr.md,0fe38f25ccfb762d4513d6b6c66637da133afc88,bed9a9cf028d7f2a1340b5215f0ef7293a9eb242,main,301,committed,IDEA-014：MPR多角色原型判别,rejected,2026-09-06T12:53:38+00:00
idea,IDEA-015,research/ideas/IDEA-015_pgo.md,4952f786e77fe935ba4df99c5aeccc35195f23f6,bed9a9cf028d7f2a1340b5215f0ef7293a9eb242,main,300,committed,IDEA-015：PGO梯度冲突优化,rejected,2026-09-06T12:53:38+00:00
idea,IDEA-016,research/ideas/IDEA-016_svpg.md,81bb67e46fd7e73330c5385f44e45f6422b21d71,bed9a9cf028d7f2a1340b5215f0ef7293a9eb242,main,298,committed,IDEA-016：SVPG语义到视觉原型生成,rejected,2026-09-06T12:53:38+00:00
idea,IDEA-017,research/ideas/IDEA-017_ort.md,d3010201a8125ee6e4e1de2f90828b4e64a5e298,bed9a9cf028d7f2a1340b5215f0ef7293a9eb242,main,297,committed,IDEA-017：ORT正交残差迁移,rejected,2026-09-06T12:53:38+00:00
idea,IDEA-018,research/ideas/IDEA-018_ccgr.md,c18a757c4eb0978dd283a59153c2e6ecc2256615,aff1212476c014398c8945c0536d7632895271a2,codex/adma,19,committed,IDEA-018：CCGR类别条件几何生成,supported,2026-09-06T12:53:38+00:00
idea,IDEA-018,research/ideas/IDEA-018_ccgr.md,78541cf211a9c066b16d7bab1c45fa2fe7d43e80,3e3f5aa0a0a21c1c47006dd5ea09716a0fb0c375,codex/trainable-ccgr,7,committed,IDEA-018：CCGR类别条件几何生成,supported,2026-09-06T12:53:38+00:00
idea,IDEA-018,research/ideas/IDEA-018_ccgr.md,e319bf6558f754fd755a8cb305132e0671a41898,bed9a9cf028d7f2a1340b5215f0ef7293a9eb242,main,270,committed,IDEA-018：CCGR类别条件几何生成,supported,2026-09-06T12:53:38+00:00
idea,IDEA-019,research/ideas/IDEA-019_fvra.md,8a1c275661fd69576b2039a5aa7c0f6ae999346b,bed9a9cf028d7f2a1340b5215f0ef7293a9eb242,main,295,committed,IDEA-019：FVRA视觉特征残差适配,rejected,2026-09-06T12:53:38+00:00
idea,IDEA-020,research/ideas/IDEA-020_edc.md,7df738733082fb00558681f1532b6970448d78d9,bed9a9cf028d7f2a1340b5215f0ef7293a9eb242,main,294,committed,IDEA-020：EDC样本条件联合竞争,rejected,2026-09-06T12:53:38+00:00
idea,IDEA-021,research/ideas/IDEA-021_daln.md,73ebaf871dbab455eb05843ca516cef320603722,bed9a9cf028d7f2a1340b5215f0ef7293a9eb242,main,293,committed,IDEA-021：DALN原型密度感知归一化,rejected,2026-09-06T12:53:38+00:00
idea,IDEA-022,research/ideas/IDEA-022_eaml.md,f99d61b4b64d924870d8da69824edbfc6d026f37,bed9a9cf028d7f2a1340b5215f0ef7293a9eb242,main,292,committed,IDEA-022：EAML pseudo-unseen角度间隔学习,rejected,2026-09-06T12:53:38+00:00
idea,IDEA-023,research/ideas/IDEA-023_mfra.md,33ee56b65f9c78a9df619477ef33463ab3243a38,bed9a9cf028d7f2a1340b5215f0ef7293a9eb242,main,291,committed,IDEA-023：MFRA元学习视觉残差适配,rejected,2026-09-06T12:53:38+00:00
idea,IDEA-024,research/ideas/IDEA-024_cgfg.md,6830d511dde3d12e6e457a27290ff3a77e788300,bed9a9cf028d7f2a1340b5215f0ef7293a9eb242,main,290,committed,IDEA-024：CGFG条件高斯视觉特征生成,rejected,2026-09-06T12:53:38+00:00
idea,IDEA-025,research/ideas/IDEA-025_ng_ccgr.md,e4cc6c3e52644bbf71ef353d6681327318703aff,bed9a9cf028d7f2a1340b5215f0ef7293a9eb242,main,288,committed,IDEA-025：NG-CCGR邻域几何生成,rejected,2026-09-06T12:53:38+00:00
idea,IDEA-026,research/ideas/IDEA-026_ccgr_heo.md,19514c0c2c2ae9567ee7e87483ec443e2c06dac2,bed9a9cf028d7f2a1340b5215f0ef7293a9eb242,main,287,committed,IDEA-026：CCGR调和Episode目标,rejected,2026-09-06T12:53:38+00:00
idea,IDEA-027,research/ideas/IDEA-027_ccgr_lbs.md,c8a0aa01eef77b022176bc7b06281e326ffd3703,bed9a9cf028d7f2a1340b5215f0ef7293a9eb242,main,286,committed,IDEA-027：CCGR局部边界分离,rejected,2026-09-06T12:53:38+00:00
idea,IDEA-028,research/ideas/IDEA-028_sdm.md,b289aafd9a96ba243d1d494fdcb9f85cdfb1d945,bed9a9cf028d7f2a1340b5215f0ef7293a9eb242,main,285,committed,IDEA-028：SDM对称对角度量,supported,2026-09-06T12:53:38+00:00
idea,IDEA-029,research/ideas/IDEA-029_ara.md,3f28b8349d6d5588c33c5ccb29ca73c736770b5a,f8c8085c4a11a5824103cf1f4576edfbafbae282,codex/ara,1,committed,IDEA-029：ARA属性残差对齐,supported,2026-09-06T12:53:38+00:00
idea,IDEA-029,research/ideas/IDEA-029_ara.md,b6bbb5031e9eaa731901f1f802c101c5ee01fcd0,bed9a9cf028d7f2a1340b5215f0ef7293a9eb242,main,283,committed,IDEA-029：ARA属性残差对齐,supported,2026-09-06T12:53:38+00:00
idea,IDEA-030,research/ideas/IDEA-030_dra.md,74140246efa1966e734b1b4a5a906ce603924aa0,bed9a9cf028d7f2a1340b5215f0ef7293a9eb242,main,283,committed,IDEA-030：DRA描述残差对齐,rejected,2026-09-06T12:53:38+00:00
idea,IDEA-031,research/ideas/IDEA-031_cara.md,a94bd658dca958e5e71a9f5f2af86c9a0d9b1a63,bed9a9cf028d7f2a1340b5215f0ef7293a9eb242,main,282,committed,IDEA-031：CARA置信度属性残差,revised,2026-09-06T12:53:38+00:00
idea,IDEA-032,research/ideas/IDEA-032_sfa.md,57ddf0f4536a82ab2e634ee064a727306f729026,bed9a9cf028d7f2a1340b5215f0ef7293a9eb242,main,281,committed,IDEA-032：SFA语义因子对齐,rejected,2026-09-06T12:53:38+00:00
idea,IDEA-033,research/ideas/IDEA-033_cra.md,2194c9a927ac956249b806e67255664d8cc48c33,d06f501f2577fdff07f4b469a21cd5a9ee7777de,codex/ccra,1,committed,IDEA-033：CRA类别中心属性对齐,supported,2026-09-06T12:53:38+00:00
idea,IDEA-033,research/ideas/IDEA-033_cra.md,3b66d2ecd8486fad0ba73f0426eb25609b8e81de,6804c9c046c9487b006f585257119014baa88d0a,codex/cra,1,committed,IDEA-033：CRA类别中心属性对齐,supported,2026-09-06T12:53:38+00:00
idea,IDEA-033,research/ideas/IDEA-033_cra.md,e4b2cdfcd448e0da1396a47922facdaa78893352,e92ec027b9270ae7f2247a9c3351d79c328baa72,codex/cra-output-contract,1,committed,IDEA-033：CRA类别中心属性对齐,supported,2026-09-06T12:53:38+00:00
idea,IDEA-033,research/ideas/IDEA-033_cra.md,faf03ab11475bd3f51bb89d5ea27104dc5aad6c0,bed9a9cf028d7f2a1340b5215f0ef7293a9eb242,main,277,committed,IDEA-033：CRA类别中心属性对齐,supported,2026-09-06T12:53:38+00:00
idea,IDEA-034,research/ideas/IDEA-034_ccra.md,4f75c1b23c4767ca0052b5ed1c70f7980c1a5e54,bed9a9cf028d7f2a1340b5215f0ef7293a9eb242,main,279,committed,IDEA-034：CCRA类别条件属性融合,rejected,2026-09-06T12:53:38+00:00
idea,IDEA-035,research/ideas/IDEA-035_ebc.md,770a4e7bd3618ae01e6acea0440948bd5673e5cb,bed9a9cf028d7f2a1340b5215f0ef7293a9eb242,main,276,committed,IDEA-035：EBC episodic偏置校准,supported,2026-09-06T12:53:38+00:00
idea,IDEA-036,research/ideas/IDEA-036_vpa.md,c761712918b4dcd35584cc3e2aacadb3ae13abff,3ca778fbc09808c564f7c0d86ceb2b4f6fa9e0d8,codex/vpa,1,committed,IDEA-036：VPA属性视觉原型残差,testing,2026-09-06T12:53:38+00:00
idea,IDEA-036,research/ideas/IDEA-036_vpa.md,60212ad774bdba749dc07d8ef4e09cf6d31f1894,bed9a9cf028d7f2a1340b5215f0ef7293a9eb242,main,274,committed,IDEA-036：VPA属性视觉原型残差,supported,2026-09-06T12:53:38+00:00
idea,IDEA-037,research/ideas/IDEA-037_vebc.md,cf0a605d7286c5d7b055ed1fed8cb56b2e4caf56,bed9a9cf028d7f2a1340b5215f0ef7293a9eb242,main,274,committed,IDEA-037：VEBC视觉原型偏置校准,supported,2026-09-06T12:53:38+00:00
idea,IDEA-038,research/ideas/IDEA-038_jbec.md,d9e7de1a1cef23117bd3958faa59445a77e4cbda,bed9a9cf028d7f2a1340b5215f0ef7293a9eb242,main,273,committed,IDEA-038：JBEC联合双向校准,supported,2026-09-06T12:53:38+00:00
idea,IDEA-039,research/ideas/IDEA-039_adma.md,4a804addbe49c7e2da8c407911a4661ef0d9be20,bed9a9cf028d7f2a1340b5215f0ef7293a9eb242,main,272,committed,IDEA-039：ADMA属性对角度量,rejected,2026-09-06T12:53:38+00:00
idea,IDEA-040,research/ideas/IDEA-040_ngvf.md,24a10daba2267132abacfecf8683059a2d6eff61,bed9a9cf028d7f2a1340b5215f0ef7293a9eb242,main,271,committed,IDEA-040：NGVF归一化几何视觉融合,rejected,2026-09-06T12:53:38+00:00
idea,IDEA-041,research/ideas/IDEA-041_cnra.md,a59eb9a3950abb1f03ae0b724ea67f8f5f5031b8,bed9a9cf028d7f2a1340b5215f0ef7293a9eb242,main,270,committed,IDEA-041：CNRA类名残差对齐,supported,2026-09-06T12:53:38+00:00
idea,IDEA-042,research/ideas/IDEA-042_cnebc.md,4186e02d83475a6c01cf54da5b20ab4d78d93fbd,bed9a9cf028d7f2a1340b5215f0ef7293a9eb242,main,269,committed,IDEA-042：CNEBC类名后episodic偏置校准,rejected,2026-09-06T12:53:38+00:00
idea,IDEA-043,research/ideas/IDEA-043_hgcs.md,73e047492b75cfbe82c5ed8ec487a2035b645bd2,9f21dbae5849d29da1d6c292b9ff4041e71488f7,codex/joint-core-standard,1,committed,IDEA-043：HGCS层级公共语义抑制,testing,2026-09-06T12:53:38+00:00
idea,IDEA-043,research/ideas/IDEA-043_hgcs.md,0895b714619d7987e87f593499fab78bd4ff8c7e,bed9a9cf028d7f2a1340b5215f0ef7293a9eb242,main,267,committed,IDEA-043：HGCS层级公共语义抑制,rejected,2026-09-06T12:53:38+00:00
idea,IDEA-044,research/ideas/IDEA-044_sccc.md,be508f9a881ef93e426ca3a59501c427f6410426,bed9a9cf028d7f2a1340b5215f0ef7293a9eb242,main,262,committed,IDEA-044：Sample-Conditioned Competition Calibration,rejected,2026-09-06T12:53:38+00:00
idea,IDEA-045,research/ideas/IDEA-045_ncra.md,3f5cbcbf8b6aabd3ba261e40c600223f0acc258a,bed9a9cf028d7f2a1340b5215f0ef7293a9eb242,main,262,committed,IDEA-045：Name-Conditioned Residual Alignment,supported,2026-09-06T12:53:38+00:00
idea,IDEA-046,research/ideas/IDEA-046_sdrs.md,55c249424f0e5c5bb69042fdfb4ec7a83ebeac42,bed9a9cf028d7f2a1340b5215f0ef7293a9eb242,main,261,committed,IDEA-046：Semantic-Disagreement Residual Scaling,supported,2026-09-06T12:53:38+00:00
idea,IDEA-047,research/ideas/IDEA-047_sebc.md,bdfc30a2287c9f06b7f6c4e811ede8aa5fc218c9,bed9a9cf028d7f2a1340b5215f0ef7293a9eb242,main,260,committed,IDEA-047：Seen-Episodic Bias Calibration,supported,2026-09-06T12:53:38+00:00
idea,IDEA-048,research/ideas/IDEA-048_lpsr.md,341c9b215701d7b7cef45529cffb3cb983c37676,bed9a9cf028d7f2a1340b5215f0ef7293a9eb242,main,259,committed,IDEA-048：Local Patch-Semantic Residual,rejected,2026-09-06T12:53:38+00:00
idea,IDEA-049,research/ideas/IDEA-049_ccpe.md,21470a73b00e56d5681ff8901e19296bdef371b8,bed9a9cf028d7f2a1340b5215f0ef7293a9eb242,main,258,committed,IDEA-049：Class-Conditioned Patch Evidence,supported,2026-09-06T12:53:38+00:00
idea,IDEA-050,research/ideas/IDEA-050_scpe.md,05006d63de77da283270bd16df90d8533dc7f2aa,bed9a9cf028d7f2a1340b5215f0ef7293a9eb242,main,257,committed,IDEA-050：Spatially Coherent Patch Evidence,rejected,2026-09-06T12:53:38+00:00
idea,IDEA-051,research/ideas/IDEA-051_mppe.md,e18c46fe8bc5862cfe6273de740a17179a42583a,bed9a9cf028d7f2a1340b5215f0ef7293a9eb242,main,256,committed,IDEA-051：Multi-Part Patch Evidence,rejected,2026-09-06T12:53:38+00:00
idea,IDEA-052,research/ideas/IDEA-052_cnpe.md,4499ac7333f87c49879793dcff0fa50ec5331869,bed9a9cf028d7f2a1340b5215f0ef7293a9eb242,main,255,committed,IDEA-052：Class-Normalized Patch Evidence,rejected,2026-09-06T12:53:38+00:00
idea,IDEA-053,research/ideas/IDEA-053_dspe.md,b754be2fbb96d4bcdb1f8c2aef4df07bb31aecee,bed9a9cf028d7f2a1340b5215f0ef7293a9eb242,main,254,committed,IDEA-053：Dual-Scale Patch Evidence,rejected,2026-09-06T12:53:38+00:00
idea,IDEA-054,research/ideas/IDEA-054_pcme.md,718fcc2044974db5051f76077c694c53a1a8a995,bed9a9cf028d7f2a1340b5215f0ef7293a9eb242,main,253,committed,IDEA-054：Patch Consensus-Margin Evidence,rejected,2026-09-06T12:53:38+00:00
idea,IDEA-055,research/ideas/IDEA-055_ecpe.md,f794a454046db1a2d79615bf6c774d8f0b6855cd,bed9a9cf028d7f2a1340b5215f0ef7293a9eb242,main,252,committed,IDEA-055：Episodic Class-Conditioned Patch Evidence,rejected,2026-09-06T12:53:38+00:00
idea,IDEA-056,research/ideas/IDEA-056_crpe.md,7923d4637ccf2d6ede9ea599a788ad72687d552f,bed9a9cf028d7f2a1340b5215f0ef7293a9eb242,main,251,committed,IDEA-056：Class-Reliability Patch Evidence,rejected,2026-09-06T12:53:38+00:00
idea,IDEA-057,research/ideas/IDEA-057_lvpg.md,69f8566657750c44b1b9d4c74622351595625fa4,bed9a9cf028d7f2a1340b5215f0ef7293a9eb242,main,250,committed,IDEA-057：Local Visual Prototype Generation,rejected,2026-09-06T12:53:38+00:00
idea,IDEA-058,research/ideas/IDEA-058_clre.md,456acaf4e9aeed44b04258d202525065613f34cc,bed9a9cf028d7f2a1340b5215f0ef7293a9eb242,main,249,committed,IDEA-058：Cross-LLM Residual Evidence,supported,2026-09-06T12:53:38+00:00
idea,IDEA-059,research/ideas/IDEA-059_clec.md,ec22fb365119ce737b9ce05f1a39853c1c4e8ce4,bed9a9cf028d7f2a1340b5215f0ef7293a9eb242,main,248,committed,IDEA-059：Cross-LLM Local Evidence Composition,rejected,2026-09-06T12:53:38+00:00
idea,IDEA-060,research/ideas/IDEA-060_mlre.md,9b567a27671295e5921c8bcd0dccdec9eee08f3b,bed9a9cf028d7f2a1340b5215f0ef7293a9eb242,main,247,committed,IDEA-060：Merged-LLM Residual Evidence,supported,2026-09-06T12:53:38+00:00
idea,IDEA-061,research/ideas/IDEA-061_aclm.md,f5aae64aa0c15af2185702db15525a0b2e8516aa,bed9a9cf028d7f2a1340b5215f0ef7293a9eb242,main,246,committed,IDEA-061：Adaptive Cross-LLM Mixture,rejected,2026-09-06T12:53:38+00:00
idea,IDEA-062,research/ideas/IDEA-062_cacm.md,b9981a5b3b7b9268e98a405ac3e3d5f5d434acce,bed9a9cf028d7f2a1340b5215f0ef7293a9eb242,main,245,committed,IDEA-062：Class-Adaptive Cross-LLM Mixture,rejected,2026-09-06T12:53:38+00:00
idea,IDEA-063,research/ideas/IDEA-063_oclr.md,dd2aa65e02305c889844023a1a88d78ef5e8eed2,c1b4f164abb6a230099c9dde51ac2d942eba16a2,exp/v2/innovation/innovation-029_oclr,3,committed,IDEA-063：Orthogonal Cross-LLM Residual,supported,2026-09-06T12:53:38+00:00
idea,IDEA-063,research/ideas/IDEA-063_oclr.md,8b22ac6397bede531ede8a15b4944b2ba1e5a5d0,bed9a9cf028d7f2a1340b5215f0ef7293a9eb242,main,241,committed,IDEA-063：Orthogonal Cross-LLM Residual,supported,2026-09-06T12:53:38+00:00
idea,IDEA-064,research/ideas/IDEA-064_oglc.md,3f7629c568dbc1e8bcfa4bc5f1fb6bb500ab67c9,bed9a9cf028d7f2a1340b5215f0ef7293a9eb242,main,243,committed,IDEA-064：Orthogonal Global-Local Composition,rejected,2026-09-06T12:53:38+00:00
idea,IDEA-065,research/ideas/IDEA-065_omlr.md,92585c15e981630776db1c13d98b1c88c1d2232d,bed9a9cf028d7f2a1340b5215f0ef7293a9eb242,main,242,committed,IDEA-065：Orthogonal Merged-LLM Residual,revised,2026-09-06T12:53:38+00:00
idea,IDEA-066,research/ideas/IDEA-066_bocr.md,3364ab85b4eb162b9a919cfad19d074fa8fbedfa,bed9a9cf028d7f2a1340b5215f0ef7293a9eb242,main,240,committed,IDEA-066：Bi-Orthogonal Cross-LLM Residual,rejected,2026-09-06T12:53:38+00:00
idea,IDEA-067,research/ideas/IDEA-067_pbor.md,554fa41f085c5a593d524089cfdd1e4f617fd7bc,bed9a9cf028d7f2a1340b5215f0ef7293a9eb242,main,239,committed,IDEA-067：Partial Bi-Orthogonal Residual,rejected,2026-09-06T12:53:38+00:00
idea,IDEA-068,research/ideas/IDEA-068_orer.md,149aa43b5bf246fe79d5b0172b8c9463392a8d23,bed9a9cf028d7f2a1340b5215f0ef7293a9eb242,main,238,committed,IDEA-068：Orthogonal Residual Episodic Recalibration,rejected,2026-09-06T12:53:38+00:00
idea,IDEA-069,research/ideas/IDEA-069_ormr.md,45268e8d6ce6e464b30fb244f6a537c46e66cb1e,bed9a9cf028d7f2a1340b5215f0ef7293a9eb242,main,237,committed,IDEA-069：Orthogonal Role-Matched Residual,rejected,2026-09-06T12:53:38+00:00
idea,IDEA-070,research/ideas/IDEA-070_oesr.md,735f8111fc3b7eea9988e26da42e01fb5ce71cbf,bed9a9cf028d7f2a1340b5215f0ef7293a9eb242,main,236,committed,IDEA-070：Orthogonal Eight-Sentence Residual,supported,2026-09-06T12:53:38+00:00
idea,IDEA-071,research/ideas/IDEA-071_aosr.md,77f62654433fa85c23aa8867d740df776e0e8829,bed9a9cf028d7f2a1340b5215f0ef7293a9eb242,main,235,committed,IDEA-071：Adaptive Orthogonal Sentence Routing,supported,2026-09-06T12:53:38+00:00
idea,IDEA-072,research/ideas/IDEA-072_casr.md,4689e31d6d9862c56fcf5588a11e8064d49a2492,bed9a9cf028d7f2a1340b5215f0ef7293a9eb242,main,234,committed,IDEA-072：Conservative Adaptive Sentence Routing,supported,2026-09-06T12:53:38+00:00
idea,IDEA-073,research/ideas/IDEA-073_ccsr.md,791ef54ad93c58c9e5a827d60fb676d6cd664a7e,bed9a9cf028d7f2a1340b5215f0ef7293a9eb242,main,233,committed,IDEA-073：Class-Conditioned Conservative Sentence Routing,rejected,2026-09-06T12:53:38+00:00
idea,IDEA-074,research/ideas/IDEA-074_icsr.md,82f5699cfa1a1bcf0481222ec636a33c4011bd04,bed9a9cf028d7f2a1340b5215f0ef7293a9eb242,main,232,committed,IDEA-074：Image-Conditioned Conservative Sentence Routing,rejected,2026-09-06T12:53:38+00:00
idea,IDEA-075,research/ideas/IDEA-075_sdcr.md,2adc2f48f21783b7a78e5e2c115518da758de385,bed9a9cf028d7f2a1340b5215f0ef7293a9eb242,main,231,committed,IDEA-075：Sentence-Dropout Conservative Routing,supported,2026-09-06T12:53:38+00:00
idea,IDEA-076,research/ideas/IDEA-076_sdcc.md,ad92a57cb94d852735631f86085cabf8f586b0a5,bed9a9cf028d7f2a1340b5215f0ef7293a9eb242,main,230,committed,IDEA-076：Sentence-Dropout Consistency Calibration,rejected,2026-09-06T12:53:38+00:00
idea,IDEA-077,research/ideas/IDEA-077_wsdr.md,6832a0017846155ac91572b01e75acfa1c20f782,bed9a9cf028d7f2a1340b5215f0ef7293a9eb242,main,229,committed,IDEA-077：Worst-of-Two Sentence Dropout Routing,rejected,2026-09-06T12:53:38+00:00
idea,IDEA-078,research/ideas/IDEA-078_iadr.md,3f9695dd3cc8377c4c0003c3a9c5bf0fbb83d2cb,bed9a9cf028d7f2a1340b5215f0ef7293a9eb242,main,228,committed,IDEA-078：Importance-Aware Sentence Dropout Routing,rejected,2026-09-06T12:53:38+00:00
idea,IDEA-079,research/ideas/IDEA-079_mgsr.md,b4c3cf2913039a05f77434608260cc5790cd291c,5cedbf0a1996e49f61480461297568166395c74f,exp/v2/innovation/innovation-045-mgsr,1,committed,IDEA-079：Multi-Geometry Sentence Routing,revised,2026-09-06T12:53:38+00:00
idea,IDEA-079,research/ideas/IDEA-079_mgsr.md,197158321d7f386ca1638e10a86e4a78537a44dd,bed9a9cf028d7f2a1340b5215f0ef7293a9eb242,main,226,committed,IDEA-079：Multi-Geometry Sentence Routing,rejected,2026-09-06T12:53:38+00:00
idea,IDEA-080,research/ideas/IDEA-080_rmgsr.md,ff88fa291b5151750e66add6219729242a489e1f,bed9a9cf028d7f2a1340b5215f0ef7293a9eb242,main,226,committed,IDEA-080：Regularized Multi-Geometry Sentence Routing,rejected,2026-09-06T12:53:38+00:00
idea,IDEA-081,research/ideas/IDEA-081_ncsr.md,cbec0467b88fe52fb5eb9a36c4dd6f39b7bd660c,bed9a9cf028d7f2a1340b5215f0ef7293a9eb242,main,225,committed,IDEA-081：Neighborhood-Contrastive Semantic Residual,rejected,2026-09-06T12:53:38+00:00
idea,IDEA-082,research/ideas/IDEA-082_rsdm.md,f951f47a69b24094c2bbfd13c8d2a17790dbf4b1,bed9a9cf028d7f2a1340b5215f0ef7293a9eb242,main,224,committed,IDEA-082：Residual Symmetric Diagonal Metric,rejected,2026-09-06T12:53:38+00:00
idea,IDEA-083,research/ideas/IDEA-083_fsdm.md,d65ed2e7758dc733825efcab604f981dcfde971b,bed9a9cf028d7f2a1340b5215f0ef7293a9eb242,main,223,committed,IDEA-083：Full-Semantic Symmetric Diagonal Metric,rejected,2026-09-06T12:53:38+00:00
idea,IDEA-084,research/ideas/IDEA-084_jscf.md,8d1338133d4f74acd8d1630590aadd56caf44053,bed9a9cf028d7f2a1340b5215f0ef7293a9eb242,main,222,committed,IDEA-084：Joint Semantic Coordination Fine-Tuning,rejected,2026-09-06T12:53:38+00:00
idea,IDEA-085,research/ideas/IDEA-085_clcr.md,4b74f97641e927b313356c78d9cc47fe6eeaec49,bed9a9cf028d7f2a1340b5215f0ef7293a9eb242,main,221,committed,IDEA-085：Cross-LLM Complementary Residual,rejected,2026-09-06T12:53:38+00:00
idea,IDEA-086,research/ideas/IDEA-086_spcr.md,bba2a6baa43f98ecad971d89c8618bae9ead34f4,bed9a9cf028d7f2a1340b5215f0ef7293a9eb242,main,220,committed,IDEA-086：Sentence-Patch Complementary Residual,rejected,2026-09-06T12:53:38+00:00
idea,IDEA-087,research/ideas/IDEA-087_pgsd.md,b2c37924ccfc99dee50f661c8b5e8db73d31dae7,bed9a9cf028d7f2a1340b5215f0ef7293a9eb242,main,219,committed,IDEA-087：Patch-Guided Sentence Dropout,rejected,2026-09-06T12:53:38+00:00
idea,IDEA-088,research/ideas/IDEA-088_cpgsd.md,57a204e7072ee4fef3478383211328d687a12443,bed9a9cf028d7f2a1340b5215f0ef7293a9eb242,main,218,committed,IDEA-088：Centered Patch-Guided Sentence Dropout,rejected,2026-09-06T12:53:38+00:00
idea,IDEA-089,research/ideas/IDEA-089_tigr.md,276b71779edd7c71b18f929b32dbf4db37fe9ae2,bed9a9cf028d7f2a1340b5215f0ef7293a9eb242,main,216,committed,IDEA-089：Taxonomic Intra-Group Residual,rejected,2026-09-06T12:53:38+00:00
idea,IDEA-090,research/ideas/IDEA-090_twls.md,60be1eca2c2a53474d8d1621d5bfe4abe0ec63f2,bed9a9cf028d7f2a1340b5215f0ef7293a9eb242,main,215,committed,IDEA-090：Taxonomic Within-Group Logit Sharpening,rejected,2026-09-06T12:53:38+00:00
idea,IDEA-091,research/ideas/IDEA-091_tpld.md,ca203b2b4b31ad2ad12c655f9ee76ba3c5ec2709,bed9a9cf028d7f2a1340b5215f0ef7293a9eb242,main,214,committed,IDEA-091：Taxonomic Pairwise Logit Deconvolution,rejected,2026-09-06T12:53:38+00:00
idea,IDEA-092,research/ideas/IDEA-092_agct.md,d1ff5cf3e100c6a70657a544a75b307500dd5fd5,1a7294ab515970cc20f6a4aeef2530cf6dc2a1ad,exp/v2/innovation/innovation-058-agct,2,committed,IDEA-092：Ambiguity-Gated Cross-LLM Tie-Breaker,supported,2026-09-06T12:53:38+00:00
idea,IDEA-092,research/ideas/IDEA-092_agct.md,1916fe6502f93cfa7b60594302b6e0a26f4cf9cb,bed9a9cf028d7f2a1340b5215f0ef7293a9eb242,main,211,committed,IDEA-092：Ambiguity-Gated Cross-LLM Tie-Breaker,supported,2026-09-06T12:53:38+00:00
idea,IDEA-093,research/ideas/IDEA-093_cctb.md,744502c754a995c7971f28c344df062408cfaf96,bed9a9cf028d7f2a1340b5215f0ef7293a9eb242,main,212,committed,IDEA-093：Consensus-Contrarian Tie-Breaker,rejected,2026-09-06T12:53:38+00:00
idea,IDEA-094,research/ideas/IDEA-094_magt.md,e488949b87f72105d493200126d3e1b119bbaa4e,bed9a9cf028d7f2a1340b5215f0ef7293a9eb242,main,210,committed,IDEA-094：Multi-Source Ambiguity-Gated Tie-Breaker,rejected,2026-09-06T12:53:38+00:00
idea,IDEA-095,research/ideas/IDEA-095_agpt.md,8f2b0fd1f96415b53c7a133d2318ef2a8b951693,bed9a9cf028d7f2a1340b5215f0ef7293a9eb242,main,209,committed,IDEA-095：Ambiguity-Gated Patch Tie-Breaker,rejected,2026-09-06T12:53:38+00:00
idea,IDEA-096,research/ideas/IDEA-096_gpes.md,f4c15a08ba32773cac164500755f57e7bb515475,bed9a9cf028d7f2a1340b5215f0ef7293a9eb242,main,207,committed,IDEA-096：Gated Pair Evidence Selector,rejected,2026-09-06T12:53:38+00:00
idea,IDEA-097,research/ideas/IDEA-097_gwps.md,66d25e2954994f4541374bc0fa7c02172dd554c7,bed9a9cf028d7f2a1340b5215f0ef7293a9eb242,main,206,committed,IDEA-097：Gate-Weighted Pair Selector,supported,2026-09-06T12:53:38+00:00
idea,IDEA-098,research/ideas/IDEA-098_bgwps.md,a21da934b54ed70ac396e2ce8af6a94e5c145c5d,bed9a9cf028d7f2a1340b5215f0ef7293a9eb242,main,205,committed,IDEA-098：Balanced Gate-Weighted Pair Selector,rejected,2026-09-06T12:53:38+00:00
idea,IDEA-099,research/ideas/IDEA-099_mbgwps.md,97c2293b5a1e5a07089612132767c376272d4426,bed9a9cf028d7f2a1340b5215f0ef7293a9eb242,main,204,committed,IDEA-099：Mildly Balanced Gate-Weighted Pair Selector,rejected,2026-09-06T12:53:38+00:00
idea,IDEA-100,research/ideas/IDEA-100_egpes.md,0cddce9c4665d0cb81f1dadbdacf0a43212678b2,bed9a9cf028d7f2a1340b5215f0ef7293a9eb242,main,203,committed,IDEA-100：Expanded-Hard Gated Pair Evidence Selector,rejected,2026-09-06T12:53:38+00:00
idea,IDEA-101,research/ideas/IDEA-101_nps.md,cc77d7bf1885a63b48fb71d9f522c8b409c0e9fe,bed9a9cf028d7f2a1340b5215f0ef7293a9eb242,main,202,committed,IDEA-101：Nonlinear Pair Selector,rejected,2026-09-06T12:53:38+00:00
idea,IDEA-102,research/ideas/IDEA-102_tgwps.md,4c159aa1524d03b6d74b7099bbef1efd8117282c,35e61afe17eec36403917139fb1dec964959ff8f,exp/v2/innovation/innovation-067_nps,1,committed,IDEA-102：Text-Only Gate-Weighted Pair Selector,testing,2026-09-06T12:53:38+00:00
idea,IDEA-102,research/ideas/IDEA-102_tgwps.md,8825c494e5bd0e63c43cfcdfd3301b04d422f56a,bed9a9cf028d7f2a1340b5215f0ef7293a9eb242,main,201,committed,IDEA-102：Text-Only Gate-Weighted Pair Selector,rejected,2026-09-06T12:53:38+00:00
idea,IDEA-103,research/ideas/IDEA-103_sgwps.md,9a91d457c2db09a0e647ac04797d0c8a83d8b923,bed9a9cf028d7f2a1340b5215f0ef7293a9eb242,main,200,committed,IDEA-103：Semantic Gate-Weighted Pair Selector,supported,2026-09-06T12:53:38+00:00
idea,IDEA-104,research/ideas/IDEA-104_rgwps.md,eeb3664688e591965f747354261c3790e022e4c4,bed9a9cf028d7f2a1340b5215f0ef7293a9eb242,main,199,committed,IDEA-104：Role-aware Gate-Weighted Pair Selector,rejected,2026-09-06T12:53:38+00:00
idea,IDEA-105,research/ideas/IDEA-105_crgwps.md,c8ed65e788b3bd96509eb215fc26e275a0a4f7e4,bed9a9cf028d7f2a1340b5215f0ef7293a9eb242,main,198,committed,IDEA-105：Centered Role Gate-Weighted Pair Selector,supported,2026-09-06T12:53:38+00:00
idea,IDEA-106,research/ideas/IDEA-106_snps.md,8c459be00e0cbf77eb695a24e1f18aaa7d50c127,2e78bae9b101761b2c0ad7854bc54d6ec13c6983,exp/v2/innovation/innovation-072-snps,2,committed,IDEA-106：Semantic Neighborhood Pair Selector,revised,2026-09-06T12:53:38+00:00
idea,IDEA-106,research/ideas/IDEA-106_snps.md,2372500a3d8fa9b53fdfa9d60371aa2342d51b05,bed9a9cf028d7f2a1340b5215f0ef7293a9eb242,main,195,committed,IDEA-106：Semantic Neighborhood Pair Selector,supported,2026-09-06T12:53:38+00:00
idea,IDEA-107,research/ideas/IDEA-107_msnps.md,43e347bad592f6753d9aae83be61d3867ee099d4,bed9a9cf028d7f2a1340b5215f0ef7293a9eb242,main,196,committed,IDEA-107：Mutual Semantic Neighborhood Pair Selector,supported,2026-09-06T12:53:38+00:00
idea,IDEA-108,research/ideas/IDEA-108_rsnps.md,cf1d84775abe4512b1c0ce1ce88f88b51fd18c14,bed9a9cf028d7f2a1340b5215f0ef7293a9eb242,main,194,committed,IDEA-108：Reciprocity-Weighted Semantic Neighborhood Pair Selector,rejected,2026-09-06T12:53:38+00:00
idea,IDEA-109,research/ideas/IDEA-109_tcps.md,6164662bbf240a8502224ff0e3b79c49fcb1a518,bed9a9cf028d7f2a1340b5215f0ef7293a9eb242,main,193,committed,IDEA-109：Triadic Competition Pair Selector,rejected,2026-09-06T12:53:38+00:00
idea,IDEA-110,research/ideas/IDEA-110_pdrs.md,fcc1dee2f87c42e3f3c1c7017b8f1809e305136b,bed9a9cf028d7f2a1340b5215f0ef7293a9eb242,main,192,committed,IDEA-110：Pair-Discriminative Role Selector,rejected,2026-09-06T12:53:38+00:00
idea,IDEA-111,research/ideas/IDEA-111_etpc.md,b8f30bba492293cb318a472778a973c7821eb9a1,bed9a9cf028d7f2a1340b5215f0ef7293a9eb242,main,191,committed,IDEA-111：Error-Targeted Pair Correction,rejected,2026-09-06T12:53:38+00:00
idea,IDEA-112,research/ideas/IDEA-112_rdss.md,2a9dd39850ea81f01de7f387fd498475715cf74d,f5338971c61d60b05eabd0a7a495999354299a9a,exp/v2/innovation/innovation-078-rdss,17,committed,IDEA-112：Role Disagreement Scale Selector,revised,2026-09-06T12:53:38+00:00
idea,IDEA-112,research/ideas/IDEA-112_rdss.md,20e1ceab7d0d5cdc73d88f18163ac2b4d2701af0,bed9a9cf028d7f2a1340b5215f0ef7293a9eb242,main,173,committed,IDEA-112：Role Disagreement Scale Selector,revised,2026-09-06T12:53:38+00:00
idea,IDEA-113,research/ideas/IDEA-113_srdss.md,f2db8c4cd6b2b93a8fb1b828496c6c5e56969f25,bed9a9cf028d7f2a1340b5215f0ef7293a9eb242,main,189,committed,IDEA-113：Staged Role Disagreement Scale Selector,rejected,2026-09-06T12:53:38+00:00
idea,IDEA-114,research/ideas/IDEA-114_trdss.md,f32d335554041dd377f9563f9131b26a26b74092,bed9a9cf028d7f2a1340b5215f0ef7293a9eb242,main,188,committed,IDEA-114：Trust-Region Role Disagreement Scale Selector,rejected,2026-09-06T12:53:38+00:00
idea,IDEA-115,research/ideas/IDEA-115_rvps.md,b3473a8bcefaba255769aad03d19c5a43528efcc,bed9a9cf028d7f2a1340b5215f0ef7293a9eb242,main,187,committed,IDEA-115：Role Vote Pair Selector,rejected,2026-09-06T12:53:38+00:00
idea,IDEA-116,research/ideas/IDEA-116_csds.md,1691d1a30583a313b8f860e6a3b85e3dba29ae92,bed9a9cf028d7f2a1340b5215f0ef7293a9eb242,main,186,committed,IDEA-116：Cross-Source Disagreement Selector,rejected,2026-09-06T12:53:38+00:00
idea,IDEA-117,research/ideas/IDEA-117_rugs.md,808b9fbd30ab30ca382ab2ffcac36e67729833a6,bed9a9cf028d7f2a1340b5215f0ef7293a9eb242,main,185,committed,IDEA-117：Role Uncertainty-Gated Selector,rejected,2026-09-06T12:53:38+00:00
idea,IDEA-118,research/ideas/IDEA-118_ndps.md,099e33983931f635fb7df81cdc4b2884287571dd,bed9a9cf028d7f2a1340b5215f0ef7293a9eb242,main,184,committed,IDEA-118：Neighborhood Degree Pair Selector,rejected,2026-09-06T12:53:38+00:00
idea,IDEA-119,research/ideas/IDEA-119_lscr.md,31f235ab35c8fa75908a997a1f041e5f2c15eb38,bed9a9cf028d7f2a1340b5215f0ef7293a9eb242,main,183,committed,IDEA-119：Local Semantic Competition Resolver,rejected,2026-09-06T12:53:38+00:00
idea,IDEA-120,research/ideas/IDEA-120_cmrcs.md,878a23107765bd04a44d998bea187ea08c375edc,0bc0227bd837cc8a0ca84b81cd1ca7abf94be3e4,exp/v2/innovation/innovation-086-cmrcs,1,committed,IDEA-120：Cross-Model Role Consistency Selector,revised,2026-09-06T12:53:38+00:00
idea,IDEA-121,research/ideas/IDEA-121_mhps.md,b99f85ccfc5c1c7ef9689e4bb738471d8cd5b9b1,bed9a9cf028d7f2a1340b5215f0ef7293a9eb242,main,181,committed,IDEA-121：Matched Hard-Pair Selector,rejected,2026-09-06T12:53:38+00:00
idea,IDEA-122,research/ideas/IDEA-122_fbps.md,c7e348e0d9d6727f423798dad8ff1396b0c02e1f,bed9a9cf028d7f2a1340b5215f0ef7293a9eb242,main,180,committed,IDEA-122：Focal Boundary Pair Selector,rejected,2026-09-06T12:53:38+00:00
idea,IDEA-123,research/ideas/IDEA-123_bfps.md,cb52d1f5dc013698418c0ff1600a7aec7126081c,bed9a9cf028d7f2a1340b5215f0ef7293a9eb242,main,179,committed,IDEA-123：Bias-Free Pair Selector,rejected,2026-09-06T12:53:38+00:00
idea,IDEA-124,research/ideas/IDEA-124_aps.md,b91c4000a79e02bcad36113a21315a06b5250eaf,bed9a9cf028d7f2a1340b5215f0ef7293a9eb242,main,178,committed,IDEA-124：Antisymmetric Pair Selector,rejected,2026-09-06T12:53:38+00:00
idea,IDEA-125,research/ideas/IDEA-125_cups.md,76244e5b5645dce94d08b69930e45bceaf6c9b5c,bed9a9cf028d7f2a1340b5215f0ef7293a9eb242,main,177,committed,IDEA-125：Class-Uniform Pair Selector,rejected,2026-09-06T12:53:38+00:00
idea,IDEA-126,research/ideas/IDEA-126_tfps.md,714ddc0bb90641c52c62c3643f277c59afa35afe,bed9a9cf028d7f2a1340b5215f0ef7293a9eb242,main,176,committed,IDEA-126：Teacher-Forced Pair Selector,rejected,2026-09-06T12:53:38+00:00
idea,IDEA-127,research/ideas/IDEA-127_edps.md,b22904fc7bd5f3d36afc13beb43bb0f48ff78e11,13c31770d1c1abc6e8aed0b560fcaac639b92eb6,exp/v2/innovation/innovation-093-edps,1,committed,IDEA-127：Evidence-Dropout Pair Selector,revised,2026-09-06T12:53:38+00:00
idea,IDEA-127,research/ideas/IDEA-127_edps.md,ca6e8c213952366b0cb287b71aeec394349e583a,bed9a9cf028d7f2a1340b5215f0ef7293a9eb242,main,174,committed,IDEA-127：Evidence-Dropout Pair Selector,rejected,2026-09-06T12:53:38+00:00
idea,IDEA-128,research/ideas/IDEA-128_sedps.md,f4d1b66155663052833faf0df866b68ad3c55514,bed9a9cf028d7f2a1340b5215f0ef7293a9eb242,main,172,committed,IDEA-128：S-EDPS分阶段证据稳健化,supported,2026-09-06T12:53:38+00:00
idea,IDEA-129,research/ideas/IDEA-129_ceps.md,e7c40013067555f247d7e8caf222810b5dfd3134,bed9a9cf028d7f2a1340b5215f0ef7293a9eb242,main,171,committed,IDEA-129：CEPS证据一致性选择器,rejected,2026-09-06T12:53:38+00:00
idea,IDEA-130,research/ideas/IDEA-130_jeds.md,9ff89de048d8053d5f525c2f75d489a6d972a665,bed9a9cf028d7f2a1340b5215f0ef7293a9eb242,main,170,committed,IDEA-130：JEDS Jackknife证据选择器,rejected,2026-09-06T12:53:38+00:00
idea,IDEA-131,research/ideas/IDEA-131_nrps.md,05465b1c901ed832929045ef49b77a6e3a2fb897,bed9a9cf028d7f2a1340b5215f0ef7293a9eb242,main,169,committed,IDEA-131：NRPS非线性残差Pair选择器,rejected,2026-09-06T12:53:38+00:00
idea,IDEA-132,research/ideas/IDEA-132_tdrs.md,7ed17b09bd6c590f53957902d2bdd612919a3346,bed9a9cf028d7f2a1340b5215f0ef7293a9eb242,main,168,committed,IDEA-132：TDRS最具判别性角色选择器,rejected,2026-09-06T12:53:38+00:00
idea,IDEA-133,research/ideas/IDEA-133_visual_evidence_learning.md,2055025ee874a5dbab60e86cf819041822514be7,737056c5cd0a72a0ca5e49c3d27f7294b894a605,codex/deep-supervision-screen,1,committed,IDEA-133：角色引导局部视觉证据学习,testing,2026-09-06T12:53:38+00:00
idea,IDEA-133,research/ideas/IDEA-133_visual_evidence_learning.md,4737ef6965d4507b878e91dbcad11adc6f5539a4,3cb699ed88b6b7a89cac123593f5940447cba5f8,codex/hccp-transfer,68,committed,IDEA-133：角色引导局部视觉证据学习,rejected,2026-09-06T12:53:38+00:00
idea,IDEA-133,research/ideas/IDEA-133_visual_evidence_learning.md,dffc302e10a8054a84fad62cf0bb9ee832431e48,3422ae5bcb6a2aba626104c05f2bd0c5dd846262,codex/stage-best-handoff-screen,1,committed,IDEA-133：角色引导局部视觉证据学习,testing,2026-09-06T12:53:38+00:00
idea,IDEA-133,research/ideas/IDEA-133_visual_evidence_learning.md,ce488b5c123c437f65f787a0751661b310db276d,ccb8d7e77ddc593fd22c77d29e0a8584256db7bc,exp/v2/diagnostic/idea-133-mean8-visual-inference,1,committed,IDEA-133：角色引导局部视觉证据学习,testing,2026-09-06T12:53:38+00:00
idea,IDEA-133,research/ideas/IDEA-133_visual_evidence_learning.md,44d8cb1058be8d9851a76e708f4ebf8b6444b95e,3be6cb23ac8d19af909a84c5403496a961e6b531,exp/v2/innovation/visual-evidence-screen,1,committed,IDEA-133：角色引导局部视觉证据学习,testing,2026-09-06T12:53:38+00:00
idea,IDEA-133,research/ideas/IDEA-133_visual_evidence_learning.md,66f01aa7a995cb113b08c91bb8b6aa375605d71c,bed9a9cf028d7f2a1340b5215f0ef7293a9eb242,main,92,committed,IDEA-133：角色引导局部视觉证据学习,rejected,2026-09-06T12:53:38+00:00
idea,IDEA-133,research/ideas/IDEA-133_visual_evidence_learning.md,f4008f96383218177733bc287f1bc4a3fcb8a9ca,,workspace:D:/backup/Documents/ChatGPT/gzsl-paper,0,local_uncommitted,IDEA-133：角色引导局部视觉证据学习,not_reconciled,2026-09-06T12:53:38+00:00
idea,IDEA-134,research/ideas/IDEA-134_sparse_local_evidence.md,171a81f3f4bd64bcf9a483b516520dbe6964ffc8,bed9a9cf028d7f2a1340b5215f0ef7293a9eb242,main,160,committed,IDEA-134：稀疏局部证据,rejected,2026-09-06T12:53:38+00:00
idea,IDEA-135,research/ideas/IDEA-135_hierarchical_global_evidence.md,040aa4e026b88141b8c739a200494bd5fad32e4b,bed9a9cf028d7f2a1340b5215f0ef7293a9eb242,main,159,committed,IDEA-135：HGE分层全局证据,,2026-09-06T12:53:38+00:00
idea,IDEA-136,research/ideas/IDEA-136_layer_agreement_consistency.md,115c0939a658d59c60a4291ba995850fffe7da55,bed9a9cf028d7f2a1340b5215f0ef7293a9eb242,main,159,committed,IDEA-136：LAC层间一致性,,2026-09-06T12:53:38+00:00
idea,IDEA-137,research/ideas/IDEA-137_view_stable_evidence.md,c91677142254c0d6ac4c126b138415863b6f9a6c,bed9a9cf028d7f2a1340b5215f0ef7293a9eb242,main,159,committed,IDEA-137：VSE视图稳定证据,,2026-09-06T12:53:38+00:00
idea,IDEA-138,research/ideas/IDEA-138_semantic_mixup_consistency.md,ee62a4cf9c5a783d362356b311f9403a0b5f925c,bed9a9cf028d7f2a1340b5215f0ef7293a9eb242,main,159,committed,IDEA-138：SMC语义Mixup一致性,,2026-09-06T12:53:38+00:00
idea,IDEA-139,research/ideas/IDEA-139_non_target_parent_preservation.md,01cf37930182a9a7a7e8c55bd6b770ba7af26e16,bed9a9cf028d7f2a1340b5215f0ef7293a9eb242,main,159,committed,IDEA-139：NTP非目标父分布保持,,2026-09-06T12:53:38+00:00
idea,IDEA-140,research/ideas/IDEA-140_adaptive_local_evidence.md,3b9f21771c1bc21a0759516983bc717ef0e65b60,bed9a9cf028d7f2a1340b5215f0ef7293a9eb242,main,159,committed,IDEA-140：ALE类无关自适应局部证据,,2026-09-06T12:53:38+00:00
idea,IDEA-141,research/ideas/IDEA-141_clpr_topk_local_reranking.md,2a003c7dfda2d9502b6472d2082100b4d3672f5c,12eaf71d6757fb626682be5334160c2dcffbbd76,exp/v3/innovation/innovation-002-clpr,1,committed,IDEA-141：CLPR候选集局部细粒度重排,,2026-09-06T12:53:38+00:00
idea,IDEA-141,research/ideas/IDEA-141_clpr_topk_local_reranking.md,2dfcd0b57c4c55e4dbacacf4cd8744cae4319d22,bed9a9cf028d7f2a1340b5215f0ef7293a9eb242,main,157,committed,IDEA-141：CLPR候选集局部细粒度重排,,2026-09-06T12:53:38+00:00
idea,IDEA-142,research/ideas/IDEA-142_frequency_stable_foreground_aggregation.md,94e7e3f7c12d388e4ff5a6110d8a99526fd9ddc4,bed9a9cf028d7f2a1340b5215f0ef7293a9eb242,main,157,committed,IDEA-142：频域稳定前景聚合,,2026-09-06T12:53:38+00:00
idea,IDEA-143,research/ideas/IDEA-143_multiscale_candidate_difference.md,c23d32f4da2dfa6724c8281ef4ba65f8ee702f56,bed9a9cf028d7f2a1340b5215f0ef7293a9eb242,main,156,committed,IDEA-143：多尺度候选差异证据重排,,2026-09-06T12:53:38+00:00
idea,IDEA-144,research/ideas/IDEA-144_fmc_sr.md,7f2bed41b15909f22256c6a13b6ce9c9c145f389,3cb699ed88b6b7a89cac123593f5940447cba5f8,codex/hccp-transfer,62,committed,IDEA-144：频域引导的多尺度候选安全纠错,,2026-09-06T12:53:38+00:00
idea,IDEA-144,research/ideas/IDEA-144_fmc_sr.md,0fac36916173f57d5bc66c217f2c2fbedc8ec0b0,d3cc66e30fd45b4a52a8b3cbbc9d3bc0078a6b63,exp/v3/innovation/innovation-006-faithful-tst-e2e,1,committed,IDEA-144：频域引导的多尺度候选安全纠错,,2026-09-06T12:53:38+00:00
idea,IDEA-144,research/ideas/IDEA-144_fmc_sr.md,d1fc0caac5df38977019a355bcb59375a2c8fcff,bed9a9cf028d7f2a1340b5215f0ef7293a9eb242,main,92,committed,IDEA-144：频域引导的多尺度候选安全纠错,,2026-09-06T12:53:38+00:00
idea,IDEA-145,research/ideas/IDEA-145_faithful_tst_e2e.md,21d64261207dcfc46bc882fb38fa0e2df39fa3c2,d3cc66e30fd45b4a52a8b3cbbc9d3bc0078a6b63,exp/v3/innovation/innovation-006-faithful-tst-e2e,1,committed,IDEA-145：一段式忠实切空间迁移,,2026-09-06T12:53:38+00:00
idea,IDEA-146,research/ideas/IDEA-146_gtd_tst.md,e7c3a7152d071055d8f75d8c01d250b545e15e5f,3cb699ed88b6b7a89cac123593f5940447cba5f8,codex/hccp-transfer,43,committed,IDEA-146：测地目标蒸馏切空间迁移（GTD-TST）,,2026-09-06T12:53:38+00:00
idea,IDEA-146,research/ideas/IDEA-146_gtd_tst.md,fbc1f0073e0034bf9a926c2713d288d0b6c869ac,213ede41570b0ace4dde862ff607bf97c43252a4,codex/repository-layout,1,committed,IDEA-146：测地目标蒸馏切空间迁移（GTD-TST）,,2026-09-06T12:53:38+00:00
idea,IDEA-146,research/ideas/IDEA-146_gtd_tst.md,9ba7318dd3227ab4c55ecec67908f98b74d26a7c,6e5142548c0da2c0696519d5d0eb2181888f41dc,codex/v3-dual-visual-candidates,10,committed,IDEA-146：测地目标蒸馏切空间迁移（GTD-TST）,,2026-09-06T12:53:38+00:00
idea,IDEA-146,research/ideas/IDEA-146_gtd_tst.md,9f6df3603cdb0a5a8054fdcc4f0dee2dd5262edb,f52a58691e68237aec9ec0d7096e69c7ef474929,exp/v4/ablation/ablation-002-gtd-coordinate-specificity,2,committed,IDEA-146：测地目标蒸馏切空间迁移（GTD-TST）,,2026-09-06T12:53:38+00:00
idea,IDEA-146,research/ideas/IDEA-146_gtd_tst.md,774733a2300b6bc903f28258089714223248340f,799ee616d9ee86b19943ecbf72e2effbb277ce09,exp/v4/diagnostic/diagnostic-002-gtd-path-teacher,1,committed,IDEA-146：测地目标蒸馏切空间迁移（GTD-TST）,,2026-09-06T12:53:38+00:00
idea,IDEA-146,research/ideas/IDEA-146_gtd_tst.md,587d9f751c1d9f557ceff490f9365d29db7ee4fa,bed9a9cf028d7f2a1340b5215f0ef7293a9eb242,main,91,committed,IDEA-146：测地目标蒸馏切空间迁移（GTD-TST）,,2026-09-06T12:53:38+00:00
idea,IDEA-148,research/ideas/IDEA-148_mmt_tst.md,599c0f09a5a616adcdcb57a76f1942e55820db71,3be4729c9fb3a27cbf01c50f7a9105137582c841,exp/v3/innovation/innovation-009-mmt-tst,1,committed,IDEA-148：MMT-TST最小间隔目标切空间迁移,,2026-09-06T12:53:38+00:00
idea,IDEA-149,research/ideas/IDEA-149_tg_continuation_control.md,076b89692acac04596dd6869f20de924f980009f,89633377da4eb5dd5f0fb3513a493935d898dc86,exp/v3/confirmation/control-020-tg-continuation,1,committed,IDEA-149：TG固定150轮继续训练匹配控制,,2026-09-06T12:53:38+00:00
idea,IDEA-150,research/ideas/IDEA-150_mmt_parent_control.md,4a7e4f38f1ad71dc9ded672903d685caf0c49835,c1fde3f4343610674f8a8aba3b2be6bcb5b43630,exp/v3/confirmation/control-026-mmt-parent,1,committed,IDEA-150：MMT joint-parent匹配TG控制,,2026-09-06T12:53:38+00:00
idea,IDEA-151,research/ideas/IDEA-151_balanced_decoupled_tst.md,7735327e4776b6522d5e881e7e67ce2fb93f280e,d611987cc70b6906a7e444284a79937c8d7e8010,exp/v3/innovation/innovation-010-bd-tst,1,committed,IDEA-151：Balanced-Decoupled TST（BD-TST）,supported_with_late_overtransport_risk,2026-09-06T12:53:38+00:00
idea,IDEA-152,research/ideas/IDEA-152_op_tst.md,8806cd340cbbc2d821eb1c563d2d2900bf5a5109,dcf87dcbd2a5d4fb90e4f9a55af6bc2c31ae00de,exp/v3/innovation/innovation-011-op-tst,1,committed,IDEA-152：低秩正交原型空间迁移（OP-TST）,,2026-09-06T12:53:38+00:00
idea,IDEA-153,research/ideas/IDEA-153_ivt_tst.md,f0401860d0fe47447c5573c7ead94e2f785c7a75,ce21db44f8669fbaf4745adc15c699ae20960ddc,exp/v3/innovation/innovation-012-ivt-tst,1,committed,IDEA-153：图像条件视觉切向语义迁移（IVT-TST）,,2026-09-06T12:53:38+00:00
idea,IDEA-154,research/ideas/IDEA-154_decoupled_ivt_tst.md,c4f889cf0263fd38478882ea34cdb60add300ec9,3de53bbe95bc15686d30a92cd601409c46894ead,exp/v3/innovation/innovation-013-decoupled-ivt,1,committed,IDEA-154：父轨迹保真视觉切向迁移（D-IVT-TST）,,2026-09-06T12:53:38+00:00
idea,IDEA-155,research/ideas/IDEA-155_fresh_effective_reconfirmation.md,53a119c6d57342f243709ca0ca2c35a823ae4fd0,6e5142548c0da2c0696519d5d0eb2181888f41dc,codex/v3-dual-visual-candidates,3,committed,IDEA-155：Fresh一段式有效模块复验,revised,2026-09-06T12:53:38+00:00
idea,IDEA-155,research/ideas/IDEA-155_fresh_effective_reconfirmation.md,cf9d36d0d91090ffdd268a3195b81fa9ac29a7ec,645b609a95e44404ed7a9e65914adcd31bf065f3,exp/v3/confirmation/confirmation-014-fresh-effective-modules,1,committed,IDEA-155：Fresh一段式有效模块复验,,2026-09-06T12:53:38+00:00
idea,IDEA-156,research/ideas/IDEA-156_lver.md,b5d3f3499bb30c08e56c8c7ccc6a51859798705e,6e5142548c0da2c0696519d5d0eb2181888f41dc,codex/v3-dual-visual-candidates,3,committed,IDEA-156：Local-View Evidence Routing,rejected,2026-09-06T12:53:38+00:00
idea,IDEA-157,research/ideas/IDEA-157_pcpc.md,39c12e65b6e3d2f17edee7a5d8f092551f69e5cf,6e5142548c0da2c0696519d5d0eb2181888f41dc,codex/v3-dual-visual-candidates,3,committed,IDEA-157：Pair-Contrast Patch Comparator,rejected,2026-09-06T12:53:38+00:00
idea,IDEA-158,research/ideas/IDEA-158_gave.md,10e3611ea0742199888089c42226c527800604ea,213ede41570b0ace4dde862ff607bf97c43252a4,codex/repository-layout,1,committed,IDEA-158：Geodesic-Aligned Visual Evidence,revised_weak_signal_only_not_promoted,2026-09-06T12:53:38+00:00
idea,IDEA-158,research/ideas/IDEA-158_gave.md,0bc8f265f7cad3e3a0644ac1ad55bcd1c53ff3c0,138ddcdca019156b8a713d7d555335d3a2c1a15d,exp/v4/innovation/innovation-001-gave,1,committed,IDEA-158：Geodesic-Aligned Visual Evidence,testing_weak_positive_diagnostic,2026-09-06T12:53:38+00:00
idea,IDEA-158,research/ideas/IDEA-158_gave.md,c98b111af469c50e7f1c60b2acf3b7b28a517a98,bed9a9cf028d7f2a1340b5215f0ef7293a9eb242,main,91,committed,IDEA-158：Geodesic-Aligned Visual Evidence,revised_weak_signal_only_not_promoted,2026-09-06T12:53:38+00:00
idea,IDEA-159,research/ideas/IDEA-159_rgt.md,e975337897cf995c66be1bb43bc37d002ac40491,213ede41570b0ace4dde862ff607bf97c43252a4,codex/repository-layout,2,committed,IDEA-159：Refutation-Gated Transport,rejected_before_training,2026-09-06T12:53:38+00:00
idea,IDEA-159,research/ideas/IDEA-159_rgt.md,96289b6e5138287d2ebe6ffe505e7d94894ddcfa,bed9a9cf028d7f2a1340b5215f0ef7293a9eb242,main,91,committed,IDEA-159：Refutation-Gated Transport,rejected_before_training,2026-09-06T12:53:38+00:00
idea,IDEA-160,research/ideas/IDEA-160_full_resolution_concept_grounding.md,02f817d36b65ae5d6522da775450c62183da877b,bed9a9cf028d7f2a1340b5215f0ef7293a9eb242,main,92,committed,IDEA-160：Full-Resolution Concept Grounding,rejected,2026-09-06T12:53:38+00:00
idea,IDEA-160,research/ideas/IDEA-160_role_conditioned_evidence_distribution.md,c6572e691f396140bd312c4ab3e4fb52b93ddfbb,1fc2f82eac750ce128037788c5e282716ab0d383,exp/v4/innovation/innovation-003-role-evidence-distribution,1,committed,IDEA-160：角色条件证据分布（RCED）,rejected,2026-09-06T12:53:38+00:00
idea,IDEA-161,research/ideas/IDEA-161_intermediate_patch_concept_signal.md,ddbacb47479b1861424b5dabccd3e752b7463fd4,bed9a9cf028d7f2a1340b5215f0ef7293a9eb242,main,92,committed,IDEA-161：Intermediate-Patch Concept Signal,revised,2026-09-06T12:53:38+00:00
idea,IDEA-162,research/ideas/IDEA-162_learnable_concept_readout_probe.md,0fddd637db1e17fe8560a6cdc66f3c6d3b43dbe3,bed9a9cf028d7f2a1340b5215f0ef7293a9eb242,main,92,committed,IDEA-162：Learnable Concept Readout Probe,supported,2026-09-06T12:53:38+00:00
idea,IDEA-163,research/ideas/IDEA-163_tri_state_evidence_predicate_set.md,5cb3ab5bffba71875b28618ceec74e5dafa7784d,bed9a9cf028d7f2a1340b5215f0ef7293a9eb242,main,92,committed,IDEA-163：Tri-State Evidence Predicate Set,rejected,2026-09-06T12:53:38+00:00
idea,IDEA-164,research/ideas/IDEA-164_observable_signed_evidence.md,01f09edcb3db5b4d3c4152bff533e81fe64b607e,bed9a9cf028d7f2a1340b5215f0ef7293a9eb242,main,91,committed,IDEA-164：Observable Signed Evidence,rejected,2026-09-06T12:53:38+00:00
idea,IDEA-165,research/ideas/IDEA-165_constrained_evidence_graph_search.md,42cef9b5bc98e7288ddbe6a515100c3869b55858,7ab5431278417882b233605b6c6dfc762bdff210,exp/v4/innovation/innovation-005-constrained-evidence-graph,2,committed,IDEA-165：Constrained Evidence Graph Search,rejected,2026-09-06T12:53:38+00:00
idea,IDEA-165,research/ideas/IDEA-165_constrained_evidence_graph_search.md,4c7cc8dcc4b17b76b62060d247941b8512fac809,bed9a9cf028d7f2a1340b5215f0ef7293a9eb242,main,88,committed,IDEA-165：Constrained Evidence Graph Search,rejected,2026-09-06T12:53:38+00:00
idea,IDEA-166,research/ideas/IDEA-166_text_conditioned_visual_distribution.md,dc4666e80d4e7c2a8a7e9b04f4afab76015b2ac0,7fa2c0ddd7deb7c61339d577f40b34d57b4e2d14,exp/v4/innovation/innovation-006-text-conditioned-distribution,1,committed,IDEA-166：Text-Conditioned Visual Distribution,rejected,2026-09-06T12:53:38+00:00
idea,IDEA-166,research/ideas/IDEA-166_text_conditioned_visual_distribution.md,8b5dbab5bd42220e953e269d3b1bb7d51e2c5de2,bed9a9cf028d7f2a1340b5215f0ef7293a9eb242,main,88,committed,IDEA-166：Text-Conditioned Visual Distribution,rejected,2026-09-06T12:53:38+00:00
idea,IDEA-167,research/ideas/IDEA-167_conditional_information_evidence.md,8818fd0e56a708a16d96c44f43d294e051c170a9,bed9a9cf028d7f2a1340b5215f0ef7293a9eb242,main,88,committed,IDEA-167：Conditional Information Evidence,revised,2026-09-06T12:53:38+00:00
idea,IDEA-168,research/ideas/IDEA-168_concept_specific_region_interaction.md,a634cb73f660dc65db8837f9cbe7c9d41f41ac42,bed9a9cf028d7f2a1340b5215f0ef7293a9eb242,main,89,committed,IDEA-168：Shared-Concept Cross-Region Non-Additive Interaction,rejected,2026-09-06T12:53:38+00:00
idea,IDEA-169,research/ideas/IDEA-169_contrastive_concept_interaction.md,c06023047cdd0f50551831ed3011101ea92c47ba,bed9a9cf028d7f2a1340b5215f0ef7293a9eb242,main,89,committed,IDEA-169：Contrastive Concept Interaction,rejected,2026-09-06T12:53:38+00:00
idea,IDEA-170,research/ideas/IDEA-170_content_aware_inpainted_interaction.md,3434a494a639fa9c98ddaad4157b59885f71b314,bed9a9cf028d7f2a1340b5215f0ef7293a9eb242,main,89,committed,IDEA-170：Content-Aware Inpainted Interaction,rejected,2026-09-06T12:53:38+00:00
idea,IDEA-171,research/ideas/IDEA-171_hypothesis_conditioned_visual_completion.md,17ff3e9f9559c8d4a31a242d3a157cc405f35ccb,aa161acc9bfdb67fd8f30a8955d620056ac82481,codex/hcvc-transfer,1,committed,IDEA-171：Hypothesis-Conditioned Visual Completion（HCVC，假设条件视觉补全）,testing_pre_run_code_review,2026-09-06T12:53:38+00:00
idea,IDEA-171,research/ideas/IDEA-171_hypothesis_conditioned_visual_completion.md,f5458fb789fa2369bde116fe55972e141b780a55,7a730cdd9f613e6225450e75c2c5aebc80bc5577,exp/v4/innovation/innovation-011-hcvc,1,committed,IDEA-171：Hypothesis-Conditioned Visual Completion（HCVC，假设条件视觉补全）,rejected,2026-09-06T12:53:38+00:00
idea,IDEA-171,research/ideas/IDEA-171_hypothesis_conditioned_visual_completion.md,4b7dfd6b9cd0570e3807ef889f909a8832103613,bed9a9cf028d7f2a1340b5215f0ef7293a9eb242,main,88,committed,IDEA-171：Hypothesis-Conditioned Visual Completion（HCVC，假设条件视觉补全）,proposed_owner_confirmed_proof_of_path_candidate,2026-09-06T12:53:38+00:00
idea,IDEA-171,research/ideas/IDEA-171_hypothesis_conditioned_visual_completion.md,574397bb3ac190eaa95f26310571ea9b23d96b4f,,workspace:D:/backup/Documents/ChatGPT/gzsl-paper,0,local_uncommitted,IDEA-171：Hypothesis-Conditioned Visual Completion（HCVC，假设条件视觉补全）,not_reconciled,2026-09-06T12:53:38+00:00
idea,IDEA-172,research/ideas/IDEA-172_hypothesis_conditioned_concept_prediction.md,aa62355de799c3ce2124f4a3d41142e5761aaeb1,3cb699ed88b6b7a89cac123593f5940447cba5f8,codex/hccp-transfer,1,committed,IDEA-172：Hypothesis-Conditioned Concept Prediction（HCCP，假设条件概念预测）,proposed_owner_confirmed_gate_a_candidate,2026-09-06T12:53:38+00:00
idea,IDEA-172,research/ideas/IDEA-172_hypothesis_conditioned_concept_prediction.md,042edf958539613d041b8c045453e6a5cd6c7ad7,7a730cdd9f613e6225450e75c2c5aebc80bc5577,exp/v4/innovation/innovation-011-hcvc,1,committed,IDEA-172：Hypothesis-Conditioned Concept Prediction（HCCP，假设条件概念预测）,proposed_owner_confirmed_gate_a_candidate,2026-09-06T12:53:38+00:00
idea,IDEA-172,research/ideas/IDEA-172_hypothesis_conditioned_concept_prediction.md,bb9760537afd9c8f7be7eea1508cc0a2450db2f8,d9bfb7e259753ade11bb513adeb68bf7ef41b536,exp/v4/innovation/innovation-012-hccp,1,committed,IDEA-172：Hypothesis-Conditioned Concept Prediction（HCCP，假设条件概念预测）,rejected,2026-09-06T12:53:38+00:00
idea,IDEA-172,research/ideas/IDEA-172_text_difference_active_evidence_acquisition.md,2df37e6cb1acda093d282764c67b88cbb9622585,b5c36f5c7f9d2aeda054541341bd0509e5a573ef,exp/v4/diagnostic/diagnostic-001-active-evidence-acquisition,1,committed,IDEA-172：Text-Difference Active Evidence Acquisition,rejected,2026-09-06T12:53:38+00:00
idea,IDEA-172,research/ideas/IDEA-172_text_difference_active_evidence_acquisition.md,6d4db4f8895accc94b5dcd4bd0ffde69200f4c5f,bed9a9cf028d7f2a1340b5215f0ef7293a9eb242,main,88,committed,IDEA-172：Text-Difference Active Evidence Acquisition,rejected,2026-09-06T12:53:38+00:00
idea,IDEA-173,research/ideas/IDEA-173_geodesic_scatter_transport.md,89af112172ef240deb4cb772d99dd44b177304b0,6ca01931300078a75a6381b0cca3f6822c2af5a0,exp/v4/innovation/innovation-013-gst,1,committed,IDEA-173 v3：Geodesic Scatter Transport（GST，测地散度迁移）,rejected,2026-09-06T12:53:38+00:00
idea,IDEA-174,research/ideas/IDEA-174_counterfactual_role_program.md,bd67fafdabbb795779db16d39de1ee6206ddecb1,e3ed02554c7fe84a3b29bdb5576ddc3c362f7b4c,exp/v4/innovation/innovation-014-crp,1,committed,IDEA-174 v3：Counterfactual Role Program（CRP，反事实角色程序）,rejected,2026-09-06T12:53:38+00:00
idea,IDEA-175,research/ideas/IDEA-175_transferable_prototype_cloud.md,9cad153d56f1f93e8e3dbf0b11dd135a3a4535a5,6da290c7d63d60c203b74ce7d96e93b309240f13,exp/v4/innovation/innovation-015-tpc,1,committed,IDEA-175：Transferable Prototype Cloud（TPC，可迁移原型云）,rejected,2026-09-06T12:53:38+00:00
idea,IDEA-179,research/ideas/IDEA-179_tpc_lexicographic_donor_derangement.md,6c1f46c94eaa5ad8f64c09ae4d68857eb231b9be,6da290c7d63d60c203b74ce7d96e93b309240f13,exp/v4/innovation/innovation-015-tpc,1,committed,IDEA-179：TPC-D Lexicographic Donor Derangement,rejected,2026-09-06T12:53:38+00:00
idea,IDEA-180,research/ideas/IDEA-180_orthogonal_cross_asset_residual.md,a13bb6e01d3acc32e9dfe0e4af821cb31b42bb7f,9547706ea81eacb4c9a0afa70ba5b8f50285337c,exp/v4/innovation/innovation-016-ocar,1,committed,IDEA-180：Orthogonal Cross-Asset Residual（OCAR）,owner_confirmed_auxiliary_candidate,2026-09-06T12:53:38+00:00
idea,IDEA-182,research/ideas/IDEA-182_pairwise_error_correcting_verifier.md,b8b760dfa91df16896569761bd10dd4a5f53375c,c4341027c17410d8c60c072780361802df4e9796,exp/v4/innovation/innovation-018-pecv,1,committed,IDEA-182：候选两两纠错验证器（PECV）,supported,2026-09-06T12:53:38+00:00
idea,IDEA-182,research/ideas/IDEA-182_pairwise_error_correcting_verifier.md,9683e1714ad8db94e0cdc38015013298ca04613d,6ece11dc62890e26d9210a138b792542b6a43289,exp/v4/innovation/innovation-020-pecv-formal,1,committed,IDEA-182：PECV正式验证,rejected_formal,2026-09-06T12:53:38+00:00
idea,IDEA-182,research/ideas/IDEA-182_shared_geometric_nuisance_canonicalization.md,267f0af6e04eb14aaf7ca87699398420dd8b97f9,e199b8544a4b3dd57f592ccf04c290732e7c1758,exp/v4/innovation/innovation-018-sgnc,1,committed,IDEA-182：Shared Geometric Nuisance Canonicalization,engineering_failed,2026-09-06T12:53:38+00:00
idea,IDEA-183,research/ideas/IDEA-183_cross_asset_semantic_environment_dro.md,bb99c2c411dc09b9268375f18fbe9f179124cf9f,7125b40797d715753cbb92985ebc2f03494dc448,exp/v4/innovation/innovation-019-case-dro,1,committed,IDEA-183：Cross-Asset Semantic Environment DRO（CASE-DRO）,rejected,2026-09-06T12:53:38+00:00
idea,IDEA-184,research/ideas/IDEA-184_gradient_isolated_pairwise_verification.md,6693d8cc91a225380bf18d80765c73be1a92c887,2e702868260ad4ff752cd855ba399733918c41dc,exp/v4/innovation/innovation-021-gipv,1,committed,IDEA-184：Gradient-Isolated Pairwise Verification（GIPV）,proposed_pre_run,2026-09-06T12:53:38+00:00
idea,IDEA-185,research/ideas/IDEA-185_image_first_visual_atom_composition.md,d4c250fcb571fa06160dd2239a8d09f38f5f3178,44ec629592fed9a99a06866d9d38c0c5acd47f16,exp/v4/innovation/innovation-023-ivac,1,committed,IDEA-185：Image-First Visual Atom Composition（IVAC）,rejected,2026-09-06T12:53:38+00:00
idea,IDEA-185,research/ideas/IDEA-185_inference_aligned_pairwise_verification.md,f77d12b0f68b3d8473ff7df352f2fe6647092471,ecca189608a46efa5ea39d2c5cc0a28da26a10f9,exp/v4/innovation/innovation-022-inference-aligned-pecv,1,committed,IDEA-185：Inference-Aligned Pairwise Verification（IAPECV）,stopped_by_owner_incomplete,2026-09-06T12:53:38+00:00
idea,IDEA-186,research/ideas/IDEA-186_bounded_error_triggered_visual_prompt.md,1c6d41f0bb07504d902435cd7a2fb5c453a45b71,3f5a8d54f45fffbf0df80510275d27f4057916a7,exp/v4/innovation/innovation-023-bet-vp,1,committed,IDEA-186：Bounded Error-Triggered Visual Prompt,rejected_engineering_pre_run,2026-09-06T12:53:38+00:00
idea,IDEA-186,research/ideas/IDEA-186_pairwise_contrastive_laplacian_reasoning.md,0f89368e3eb1576c7982f62bcde458beb34befd9,36544b12ffd51f9f332b98a51ccd488968d4025f,exp/v4/confirmation/confirmation-003-pclr-multidataset,2,committed,IDEA-186：Pairwise Contrastive Laplacian Reasoning（PCLR）,keep_r3_inference_tune_passed,2026-09-06T12:53:38+00:00
idea,IDEA-186,research/ideas/IDEA-186_pairwise_contrastive_laplacian_reasoning.md,3070213b6b4c3a3f129819b0a00cf9b5654f41ce,9d1748cecb9aa9a269ea72870b031a4dd2e7f78f,exp/v4/innovation/innovation-024-local-pclr-rescue,1,committed,IDEA-186：Pairwise Contrastive Laplacian Reasoning（PCLR）,drop_final_local_rescue_failed,2026-09-06T12:53:38+00:00
idea,IDEA-186,research/ideas/IDEA-186_pairwise_contrastive_laplacian_reasoning.md,886899a4001dd065d93cf0ef02959367bd42e3b8,ff3823f630f668116365fa3815ec8f00a45ed43f,exp/v4/innovation/innovation-024-local-pclr-tuned-rescue,1,committed,IDEA-186：Pairwise Contrastive Laplacian Reasoning（PCLR）,drop_final_rescue_gate_failed,2026-09-06T12:53:38+00:00
idea,IDEA-186,research/ideas/IDEA-186_pairwise_contrastive_laplacian_reasoning.md,4d94d51214f23c384f09e9b52e9ab4603efb02c6,213d64287c5b4554068fa4cc44876bbcfaeee7f0,exp/v4/innovation/innovation-024-pclr,1,committed,IDEA-186：Pairwise Contrastive Laplacian Reasoning（PCLR）,drop_no_rerun,2026-09-06T12:53:38+00:00
idea,IDEA-186,research/ideas/IDEA-186_pairwise_contrastive_laplacian_reasoning.md,0bf269755b5db63fe116ca859fcf0c3e1cb923a5,bed9a9cf028d7f2a1340b5215f0ef7293a9eb242,main,89,committed,IDEA-186：Pairwise Contrastive Laplacian Reasoning（PCLR）,keep_r4_H81_gate_passed,2026-09-06T12:53:38+00:00
idea,IDEA-187,research/ideas/IDEA-187_bounded_error_triggered_rgve.md,b0d3f797259e4097c030b435ac79373f9881adc2,ec8695edad2859bea014756242ca8aae8bdebaee,exp/v4/innovation/innovation-024-bet-rgve,1,committed,IDEA-187：Bounded Error-Triggered RGVE,rejected_after_fixed200_zero_contribution,2026-09-06T12:53:38+00:00
idea,IDEA-187,research/ideas/IDEA-187_bounded_error_triggered_rgve.md,b72ca26d30967a2f61bd37c13fe839a37d720d63,5e65ea2d636898aba93f8497747608676814c06e,exp/v4/innovation/innovation-025-ec-rgve,1,committed,IDEA-187：Bounded Error-Triggered RGVE,planned_pending_dual_agent_audit,2026-09-06T12:53:38+00:00
idea,IDEA-187,research/ideas/IDEA-187_red_opf.md,6e34389fb121c8190909ff91280b8bde7748afdc,78445575f37e2c3dac7176436722bb8f8a4e1b74,exp/v5/tune/v5-try-001-red-opf,1,committed,IDEA-187：Role-Evidence Distilled One-Pass Fusion（RED-OPF）,rejected_owner_scope_more_than_three_deployment_modules,2026-09-06T12:53:38+00:00
idea,IDEA-187,research/ideas/IDEA-187_semantic_conditioned_feature_dynamics.md,febc839b8d9e7f154b19950ad0376e9d45ae7f7f,213d64287c5b4554068fa4cc44876bbcfaeee7f0,exp/v4/innovation/innovation-024-pclr,1,committed,IDEA-187：Semantic-Conditioned Feature Dynamics（SCFD）,rejected_idea_duplicate,2026-09-06T12:53:38+00:00
idea,IDEA-188,research/ideas/IDEA-188_cec.md,90fc3ac49c42b7ebce38e9351a86b41608f4f7eb,7ec3e0602ec46d165f173c2218d16d45573a8d26,exp/v5/innovation/v5-try-003-rceg,16,committed,IDEA-188：Conditional Evidence Completion（CEC）,rejected_after_three_rescues,2026-09-06T12:53:38+00:00
idea,IDEA-188,research/ideas/IDEA-188_cec.md,283a4282877b0ea636c92b07c141c860e4d3aca9,bed9a9cf028d7f2a1340b5215f0ef7293a9eb242,main,41,committed,IDEA-188：Conditional Evidence Completion（CEC）,rejected_after_three_rescues,2026-09-06T12:53:38+00:00
idea,IDEA-188,research/ideas/IDEA-188_error_conditional_rgve.md,c53043c598c4cc64ecc5da135e5176dc5d6e7af8,5e65ea2d636898aba93f8497747608676814c06e,exp/v4/innovation/innovation-025-ec-rgve,1,committed,IDEA-188：Error-Conditional RGVE（EC-RGVE）,drop_strict_gates_no_more_rescue,2026-09-06T12:53:38+00:00
idea,IDEA-188,research/ideas/IDEA-188_posterior_conditioned_semantic_visual_prompt.md,fdbfef465a76b8038581f3176d7b6a0294c80bed,213d64287c5b4554068fa4cc44876bbcfaeee7f0,exp/v4/innovation/innovation-024-pclr,1,committed,IDEA-188：Posterior-Conditioned Semantic Visual Prompt（PCSVP）,rejected_preimplementation_gates,2026-09-06T12:53:38+00:00
idea,IDEA-188,research/ideas/IDEA-188_visual_decay_decoupled_bet_rgve.md,d69d41fff35014f0c2a3683621a179cbd14c192f,38d2416579818da0d7bda6511e8c2ebb63e75fc5,exp/v4/innovation/innovation-025-bet-rgve-rescue,1,committed,IDEA-188：Visual-Decay-Decoupled BET-RGVE,rejected_after_fixed150,2026-09-06T12:53:38+00:00
idea,IDEA-189,research/ideas/IDEA-189_gtd_distilled_unbalanced_role_transport.md,441b9f564a3ecf033b122dba08976297a564677d,213d64287c5b4554068fa4cc44876bbcfaeee7f0,exp/v4/innovation/innovation-024-pclr,1,committed,IDEA-189：GTD-Distilled Unbalanced Role Transport（GURT）,rejected_novelty_and_mechanism,2026-09-06T12:53:38+00:00
idea,IDEA-189,research/ideas/IDEA-189_independent_vlm_arbitration.md,1dd31d2a56d8ff278b2989fb818d89087f9181e8,38d2416579818da0d7bda6511e8c2ebb63e75fc5,exp/v4/innovation/innovation-025-bet-rgve-rescue,1,committed,IDEA-189：Independent VLM Visual Arbitration,rejected_before_training,2026-09-06T12:53:38+00:00
idea,IDEA-189,research/ideas/IDEA-189_role_contrast_evidence_gain.md,df4bf1d872d7dd0bdf944ba7eb104c0c4f782306,7ec3e0602ec46d165f173c2218d16d45573a8d26,exp/v5/innovation/v5-try-003-rceg,15,committed,IDEA-189：Role-Contrast Evidence Gain（RCEG，角色对比证据增益）,rejected_at_proof_gate,2026-09-06T12:53:38+00:00
idea,IDEA-189,research/ideas/IDEA-189_role_contrast_evidence_gain.md,d948016cdde5aa305b3a0b8c313e8e3752ad433f,235e2c52224f9b93132a318632070bd9cb625b57,exp/v5/tune/v5-try-002-clean-svi,1,committed,IDEA-189：Role-Contrast Evidence Gain（RCEG，角色对比证据增益）,proposed_owner_confirmed_proof_of_path_candidate,2026-09-06T12:53:38+00:00
idea,IDEA-189,research/ideas/IDEA-189_role_contrast_evidence_gain.md,c3fdc9423a77a2b33456cf101d3a5d0136eb7c86,bed9a9cf028d7f2a1340b5215f0ef7293a9eb242,main,41,committed,IDEA-189：Role-Contrast Evidence Gain（RCEG，角色对比证据增益）,rejected_at_proof_gate,2026-09-06T12:53:38+00:00
idea,IDEA-190,research/ideas/IDEA-190_observable_role_entailment_field.md,e2dd0a81f5a9ba391a3d0f394977e79f09139159,7ec3e0602ec46d165f173c2218d16d45573a8d26,exp/v5/innovation/v5-try-003-rceg,1,committed,IDEA-190：Observable Role Entailment Field（OREF，可观察角色蕴含场）,proposed_owner_confirmed_proof_of_path_candidate,2026-09-06T12:53:38+00:00
idea,IDEA-190,research/ideas/IDEA-190_observable_role_entailment_field.md,b653827c69142992bfbaaa9a855f5c67f1c73f1d,fdb1e0c282055611cb56a6af7ff71ab2867951ef,exp/v5/innovation/v5-try-004-oref,14,committed,IDEA-190：Observable Role Entailment Field（OREF，可观察角色蕴含场）,rejected_at_preliminary_proof_gate,2026-09-06T12:53:38+00:00
idea,IDEA-190,research/ideas/IDEA-190_observable_role_entailment_field.md,6a887fd7415763f24dcd0fc868d24a99422b4369,bed9a9cf028d7f2a1340b5215f0ef7293a9eb242,main,41,committed,IDEA-190：Observable Role Entailment Field（OREF，可观察角色蕴含场）,rejected_at_preliminary_proof_gate,2026-09-06T12:53:38+00:00
idea,IDEA-191,research/ideas/IDEA-191_counterfactual_utility_active_view.md,40848a30f5dc5b1443313c61a73864ab0f23afeb,fdb1e0c282055611cb56a6af7ff71ab2867951ef,exp/v5/innovation/v5-try-004-oref,1,committed,IDEA-191：Counterfactual Utility Active View（CUAV，反事实效用主动视图）,proposed_owner_confirmed_proof_of_path_candidate,2026-09-06T12:53:38+00:00
idea,IDEA-191,research/ideas/IDEA-191_counterfactual_utility_active_view.md,435d6b2c588c201749b687cc88ec6f25932361fe,25097fe3e81ae5099fa505350eca638bb4bbd354,exp/v5/innovation/v5-try-005-cuav,13,committed,IDEA-191：Counterfactual Utility Active View（CUAV，反事实效用主动视图）,rejected_at_preliminary_b1_gate,2026-09-06T12:53:38+00:00
idea,IDEA-191,research/ideas/IDEA-191_counterfactual_utility_active_view.md,76599d3a845f77d152050edb206858073370e9a1,bed9a9cf028d7f2a1340b5215f0ef7293a9eb242,main,41,committed,IDEA-191：Counterfactual Utility Active View（CUAV，反事实效用主动视图）,rejected_at_preliminary_b1_gate,2026-09-06T12:53:38+00:00
idea,IDEA-192,research/ideas/IDEA-192_dense_counterfactual_pairwise_glimpse_utility.md,31f2e587bc1774467318726f8875d45bc10fecf3,25097fe3e81ae5099fa505350eca638bb4bbd354,exp/v5/innovation/v5-try-005-cuav,9,committed,IDEA-192：Dense Counterfactual Pairwise Glimpse Utility（D-CPGU，密集反事实二元高清观察效用）,proposed_owner_confirmed_proof_of_path_candidate,2026-09-06T12:53:38+00:00
idea,IDEA-192,research/ideas/IDEA-192_dense_counterfactual_pairwise_glimpse_utility.md,85b2495f8a0a8c55d82a23e2b75017edd6e8692b,a750ede0cdcb1042076d811dc27b190bdd8d706f,exp/v5/innovation/v5-try-007-rwdg,4,committed,IDEA-192：Dense Counterfactual Pairwise Glimpse Utility（D-CPGU，密集反事实二元高清观察效用）,revised_before_run_invalidated_by_owner_input_contract,2026-09-06T12:53:38+00:00
idea,IDEA-192,research/ideas/IDEA-192_dense_counterfactual_pairwise_glimpse_utility.md,90e77dd20b1cc2cd168b99ac55806508eb2faa54,bed9a9cf028d7f2a1340b5215f0ef7293a9eb242,main,41,committed,IDEA-192：Dense Counterfactual Pairwise Glimpse Utility（D-CPGU，密集反事实二元高清观察效用）,proposed_owner_confirmed_proof_of_path_candidate,2026-09-06T12:53:38+00:00
idea,IDEA-193,research/ideas/IDEA-193_role_window_dense_glimpse.md,4a76ea61124436d98ca3f1dc6955a9c554a87068,a750ede0cdcb1042076d811dc27b190bdd8d706f,exp/v5/innovation/v5-try-007-rwdg,1,committed,IDEA-193：Role-Window Dense Glimpse（RWDG，角色—窗口密集取证）,rejected_at_gate0,2026-09-06T12:53:38+00:00
idea,IDEA-193,research/ideas/IDEA-193_role_window_dense_glimpse.md,f957c940c317105b67bc93c99b232e88bcc91732,06b22ee7c7416d3d6fe9b2cee9c4087f2cf1d283,exp/v5/innovation/v5-try-008-dccu,11,committed,IDEA-193：Role-Window Dense Glimpse（RWDG，角色—窗口密集取证）,rejected_at_gate0,2026-09-06T12:53:38+00:00
idea,IDEA-193,research/ideas/IDEA-193_role_window_dense_glimpse.md,71049673ee2463e243d80aee078764339a4fff26,bed9a9cf028d7f2a1340b5215f0ef7293a9eb242,main,41,committed,IDEA-193：Role-Window Dense Glimpse（RWDG，角色—窗口密集取证）,rejected_at_gate0,2026-09-06T12:53:38+00:00
idea,IDEA-194,research/ideas/IDEA-194_dense_counterfactual_correction_utility.md,dc85224a202db6c98d3dd4efa068bcb0147016f8,06b22ee7c7416d3d6fe9b2cee9c4087f2cf1d283,exp/v5/innovation/v5-try-008-dccu,11,committed,IDEA-194：Dense Counterfactual Correction Utility（D-CCU）,rejected_at_gate0,2026-09-06T12:53:38+00:00
idea,IDEA-194,research/ideas/IDEA-194_dense_counterfactual_correction_utility.md,377a4c6be636c8c933f60520a02d7a45defe3f05,bed9a9cf028d7f2a1340b5215f0ef7293a9eb242,main,41,committed,IDEA-194：Dense Counterfactual Correction Utility（D-CCU）,rejected_at_gate0,2026-09-06T12:53:38+00:00
idea,IDEA-195,research/ideas/IDEA-195_signed_counterfactual_action_advantage.md,5a21e3f7516ab8d8f5ce01b7306a29fd3e22e542,e374b3b8089ed0d2fadf3212648944bf4d713007,exp/v5/innovation/v5-try-009-scaa,10,committed,IDEA-195：Signed Counterfactual Action Advantage（SCAA）,rejected_at_gate0,2026-09-06T12:53:38+00:00
idea,IDEA-195,research/ideas/IDEA-195_signed_counterfactual_action_advantage.md,b9bec691417479a130766853f99caebb6f9e1553,bed9a9cf028d7f2a1340b5215f0ef7293a9eb242,main,41,committed,IDEA-195：Signed Counterfactual Action Advantage（SCAA）,rejected_at_gate0,2026-09-06T12:53:38+00:00
idea,IDEA-196,research/ideas/IDEA-196_explicit_abstention_action_competition.md,a4eecd29071925cd0a90794e924d9fb2fcf80e39,5125e439d89369a1c1088e57a82b9e6d87eb8ada,exp/v5/innovation/v5-try-010-eaac,1,committed,IDEA-196：Explicit Abstention Action Competition（EAAC）,testing_owner_preapproved_rescue,2026-09-06T12:53:38+00:00
idea,IDEA-196,research/ideas/IDEA-196_explicit_abstention_action_competition.md,85c758816e7af1947af39ef556f782b7465a3a09,89f64fb4f99e970a27a08907d6ab367f8c0e0f1c,exp/v5/innovation/v5-try-011-role-tripool,1,committed,IDEA-196：Explicit Abstention Action Competition（EAAC）,superseded_before_run,2026-09-06T12:53:38+00:00
idea,IDEA-196,research/ideas/IDEA-196_explicit_abstention_action_competition.md,4503ea2a6902bbd014badd968b590e5b240846b6,ff7300d547911e8c5fe54c5fa2127b0620b4b4d4,exp/v6/diagnostic/v6-try-003-mbre,7,committed,IDEA-196：Explicit Abstention Action Competition（EAAC）,rejected,2026-09-06T12:53:38+00:00
idea,IDEA-196,research/ideas/IDEA-196_explicit_abstention_action_competition.md,2180443c96602f81859032a903e62f25258838f2,bed9a9cf028d7f2a1340b5215f0ef7293a9eb242,main,41,committed,IDEA-196：Explicit Abstention Action Competition（EAAC）,rejected,2026-09-06T12:53:38+00:00
idea,IDEA-197,research/ideas/IDEA-197_role_tripool_signed_window_utility.md,4d50d18b6f609cc4d02c0e9a73fc8fc852141e98,89f64fb4f99e970a27a08907d6ab367f8c0e0f1c,exp/v5/innovation/v5-try-011-role-tripool,1,committed,IDEA-197：Role Tri-Pool Signed Window Utility,rejected_at_gate0,2026-09-06T12:53:38+00:00
idea,IDEA-197,research/ideas/IDEA-197_role_tripool_signed_window_utility.md,f7b8908ebdd3a3c92260fb6a6c0dd2856156ed42,ff7300d547911e8c5fe54c5fa2127b0620b4b4d4,exp/v6/diagnostic/v6-try-003-mbre,1,committed,IDEA-197：Role Tri-Pool Signed Window Utility,rejected_at_gate0,2026-09-06T12:53:38+00:00
idea,IDEA-197,research/ideas/IDEA-197_role_tripool_signed_window_utility.md,06aaef255b4ad551b9a662c4e37afecdc3ca66ba,9720180b206a6d73089011c6b5df9f52e51b1e74,exp/v6/innovation/v6-try-001-role-tripool,6,committed,IDEA-197：Role Tri-Pool Signed Window Utility,rejected_at_gate0,2026-09-06T12:53:38+00:00
idea,IDEA-197,research/ideas/IDEA-197_role_tripool_signed_window_utility.md,4d6cba429a5d95b3aa92776575f8bb99d07ce815,bed9a9cf028d7f2a1340b5215f0ef7293a9eb242,main,41,committed,IDEA-197：Role Tri-Pool Signed Window Utility,rejected_at_gate0,2026-09-06T12:53:38+00:00
idea,IDEA-198,research/ideas/IDEA-198_safe_explicit_action_verification.md,274038def99756611300ef31a2d8047ba8b4f389,ff7300d547911e8c5fe54c5fa2127b0620b4b4d4,exp/v6/diagnostic/v6-try-003-mbre,6,committed,IDEA-198：Safe Explicit Action Verification（SEAV）,rejected_pre_implementation,2026-09-06T12:53:38+00:00
idea,IDEA-198,research/ideas/IDEA-198_safe_explicit_action_verification.md,3d10c16f88d327370dd5f08560b09ef4ee6cb076,bed9a9cf028d7f2a1340b5215f0ef7293a9eb242,main,41,committed,IDEA-198：Safe Explicit Action Verification（SEAV）,rejected_pre_implementation,2026-09-06T12:53:38+00:00
idea,IDEA-199,research/ideas/IDEA-199_matched_bandwidth_role_emergence.md,5a0e39a1b8c2296562669a359195774dfd585056,ff7300d547911e8c5fe54c5fa2127b0620b4b4d4,exp/v6/diagnostic/v6-try-003-mbre,1,committed,IDEA-199：Matched-Bandwidth Role Emergence Diagnostic,precheck_failed_center_crop,2026-09-06T12:53:38+00:00
idea,IDEA-199,research/ideas/IDEA-199_zero_crop_semantic_visual_risk_arbitration.md,5a293b13c3c88ea371645a64c8e1d831ff1f5390,eb7d958426818829f6200946f76c2d62d2884ca1,exp/v6/innovation/v6-try-003-svra,1,committed,IDEA-199：Zero-Crop Semantic-Visual Risk Arbitration（SVRA）,supported_at_gate0_pending_formal_confirmation,2026-09-06T12:53:38+00:00
idea,IDEA-199,research/ideas/IDEA-199_zero_crop_semantic_visual_risk_arbitration.md,1db4c5a68781541bd04c68b59f0b7e21674c4a6d,842fecc91bde1760d9fdb85cff3d3169e3558746,exp/v6/innovation/v6-try-004-joint-svra,3,committed,IDEA-199：Zero-Crop Semantic-Visual Risk Arbitration（SVRA）,revised_gate0_supported_but_fixed_official_diagnostic_failed,2026-09-06T12:53:38+00:00
idea,IDEA-199,research/ideas/IDEA-199_zero_crop_semantic_visual_risk_arbitration.md,05a5e7f0054d6fd258ac05fcd5d12ba6f43dedeb,bed9a9cf028d7f2a1340b5215f0ef7293a9eb242,main,41,committed,IDEA-199：Zero-Crop Semantic-Visual Risk Arbitration（SVRA）,revised_gate0_supported_but_fixed_official_diagnostic_failed,2026-09-06T12:53:38+00:00
idea,IDEA-200,research/ideas/IDEA-200_joint_semantic_visual_risk_arbitration.md,8b527ca2cd3dce335b9e24df146f1bcbc582d27b,842fecc91bde1760d9fdb85cff3d3169e3558746,exp/v6/innovation/v6-try-004-joint-svra,3,committed,IDEA-200： Joint Semantic-Visual Risk Arbitration（J-SVRA）,rejected_at_official_precheck,2026-09-06T12:53:38+00:00
idea,IDEA-200,research/ideas/IDEA-200_joint_semantic_visual_risk_arbitration.md,0ab1a59dfeaa697ffaab555dcbd0e353f5761c34,bed9a9cf028d7f2a1340b5215f0ef7293a9eb242,main,41,committed,IDEA-200： Joint Semantic-Visual Risk Arbitration（J-SVRA）,rejected_at_official_precheck,2026-09-06T12:53:38+00:00
idea,IDEA-201,research/ideas/IDEA-201_compiled_pclr.md,696e122d0e971848ce55e6e0f016303d9eb8c044,2f7837266f4077b3fb7e40927fc6571499a76747,exp/v6/innovation/v6-try-006-compiled-pclr,1,committed,IDEA-201：编译式PCLR（C-PCLR）,owner_override_keep_efficiency_candidate,2026-09-06T12:53:38+00:00
idea,IDEA-201,research/ideas/IDEA-201_compiled_pclr.md,20d32c51e921ec622a5739ce15808cc3d5f10a46,3edc5aba6391833f29345da6f341f9ad84729203,exp/v7/confirmation/confirmation-001-multidataset,1,committed,IDEA-201：编译式PCLR（C-PCLR）,promoted_framework_v7,2026-09-06T12:53:38+00:00
idea,IDEA-201,research/ideas/IDEA-201_compiled_pclr.md,e9e3be3d23a67414c9e137b64d459e688d2b9abe,bed9a9cf028d7f2a1340b5215f0ef7293a9eb242,main,39,committed,IDEA-201：编译式PCLR（C-PCLR）,promoted_framework_v7,2026-09-06T12:53:38+00:00
idea,IDEA-201,research/ideas/IDEA-201_compiled_pclr.md,8bfbceee7a529292c3d22905617593593c606eed,,workspace:D:/backup/Documents/ChatGPT/gzsl-paper,0,local_uncommitted,IDEA-201：编译式PCLR（C-PCLR）,not_reconciled,2026-09-06T12:53:38+00:00
idea,IDEA-202,research/ideas/IDEA-202_direct_evidence_conditioned_swap_competition.md,8743993d36192da95fdcfc2759c98006c85c8123,213dfa1428bbdfface042b48884a1928fce44b4e,exp/v6/innovation/v6-try-005-desc,2,committed,IDEA-202： Direct Evidence-Conditioned Swap Competition（DESC）,rejected_at_official_precheck,2026-09-06T12:53:38+00:00
idea,IDEA-202,research/ideas/IDEA-202_direct_evidence_conditioned_swap_competition.md,23b165fad8f214eb11afbd181d85f97fe34ebf97,bed9a9cf028d7f2a1340b5215f0ef7293a9eb242,main,41,committed,IDEA-202： Direct Evidence-Conditioned Swap Competition（DESC）,proposed_v6_e2e_rescue_precheck,2026-09-06T12:53:38+00:00
idea,IDEA-203,research/ideas/IDEA-203_compiled_relation_classifier.md,6a9e8bf3f3b9ebe9d7c78cddd171bacf90fdd726,b19474702ad54de20b49b0a175a78d6497c9be33,exp/v6/innovation/v6-try-006-crc,1,committed,IDEA-203： Compiled Relation Classifier（CRC）,proposed_v6_gate_b_precheck,2026-09-06T12:53:38+00:00
idea,IDEA-203,research/ideas/IDEA-203_parent_preserving_relation_guard.md,ddb03c54e78584aec193fe52194f8f3196787787,264cbd56e1d8c4cfa53719fc98d7cc51190d1422,exp/v7/tune/tune-001-awa2-parent-guard,1,committed,IDEA-203：Parent-Preserving Relation Guard（PPRG）,fixed200_supported_as_safety_rescue,2026-09-06T12:53:38+00:00
idea,IDEA-204,research/ideas/IDEA-204_e2e_compiled_relation_classifier.md,ff17151b39e399b4838a6a84c6558c3dae5578aa,55bdee3fe3cafccd2982dd86407207783bb9ec15,exp/v6/innovation/v6-try-007-e2e-crc,1,committed,IDEA-204 / E2E-CRC,testing,2026-09-06T12:53:38+00:00
idea,IDEA-204,research/ideas/IDEA-204_neutral_residual_initialization.md,6f985597e9406828e162e747f9a51b675ddabfe6,7ac551a5071a3d831e713b0a9478c91d9feccd04,exp/v7/tune/tune-002-awa2-neutral-init,1,committed,IDEA-204：Neutral Residual Initialization,rejected_after_fixed200,2026-09-06T12:53:38+00:00
idea,IDEA-205,research/ideas/IDEA-205_role_grounded_relation_alignment.md,8c5024eebb766f3b647058cf5d29465bcfb0647b,2ce77006aab12150af053eea609a3587cbadacbb,exp/v6/innovation/v6-try-008-rgra,1,committed,IDEA-205 draft v0 / Role-Grounded Relation Alignment (RGRA),proposed_proof_of_path_not_innovation,2026-09-06T12:53:38+00:00
idea,IDEA-205,research/ideas/IDEA-205_soft_relation_utility_gate.md,8800479fd91fa8ed4e5dcd20aedc8cc92d40c399,1e3a33501ba741de38d10effcf8a58415faf99cb,exp/v7/tune/tune-003-soft-utility-gate,1,committed,IDEA-205：Soft Relation Utility Gate,rejected_after_three_dataset_run,2026-09-06T12:53:38+00:00
idea,IDEA-206,research/ideas/IDEA-206_anchored_role_relation_alignment.md,1d1384961b43c788660afed4d8a0b0d321d225f1,805a5da3a0ce8e40e27b48fbc7c99fedfbf8800e,exp/v6/innovation/v6-try-009-arra,1,committed,IDEA-206 draft / Anchored Role-Relation Alignment (ARRA),contingent_rescue_proof_of_path_draft,2026-09-06T12:53:38+00:00
idea,IDEA-206,research/ideas/IDEA-206_unified_role_relations.md,13c1b3dc205e3b4e6c0a66e8f98a54c0f3941750,144b7c31cfbd486bcb4a844983c48698d41a6c3e,exp/v7/tune/tune-007-unified-role-relations,1,committed,IDEA-206：Unified Role Relations,revised_after_probe_salient_rejected_uniform_matches,2026-09-06T12:53:38+00:00
idea,IDEA-207,research/ideas/IDEA-207_one_text_simplification.md,c2c9d2acd55225e0ff4da95c6d7a775183f9a3c0,aedd6e921b0766d0c1e16754edbf2201efe3b785,exp/v7/tune/tune-008-one-text-simplification,1,committed,IDEA-207：One-Text Simplification,supported_simplification_pending_reader_probe,2026-09-06T12:53:38+00:00
idea,IDEA-208,research/ideas/IDEA-208_continuous_top2_patch_margin.md,237313a28f84089f3f1594676d51e71c4397515b,9a7019c441d242a8cb84eaba4175defdccdeec15,exp/v6/innovation/v6-try-010-ctpm,1,committed,IDEA-208 draft / Continuous Top-2 Patch Margin (CTPM),proposed_proof_of_path_new_v6_framework,2026-09-06T12:53:38+00:00
idea,IDEA-208,research/ideas/IDEA-208_one_text_reader_transfer.md,77fd76458e62a6af1449e9dfa468dfd535a98c32,93457fe6637d879e414b3327ce04794ceae64adb,exp/v7/tune/tune-009-one-text-reader-probe,1,committed,IDEA-208：One-Text Reader Transfer,rejected_reader_transfer_gate_failed,2026-09-06T12:53:38+00:00
idea,IDEA-209,research/ideas/IDEA-209_one_text_full_compatibility.md,ed5a48a455fc0bf873491fd943145a48f29339da,5df71878d79d3d21b4530fedd861e1386096605a,exp/v7/tune/tune-010-one-text-full-gate0,1,committed,IDEA-209：One-Text Full Compatibility,rejected_gate0_full_compatibility_failed,2026-09-06T12:53:38+00:00
idea,IDEA-210,research/ideas/IDEA-210_balanced_residual_pair_learning.md,b561787a2fddc0cd59c3d3b7107843fef9e7a7fd,9341fa4fbf645b093eeaf5415ad4167656f2197c,exp/v6/innovation/v6-try-010-r1-brpl,2,committed,IDEA-210 / Balanced Residual Pair Learning (BRPL),,2026-09-06T12:53:38+00:00
idea,IDEA-210,research/ideas/IDEA-210_one_text_reader_alpha_adaptation.md,78eb3828be5447c7c83213fe764f9eec9e93ffbf,8fe7959a93b0c472d604815a6282b3924c60d014,exp/v7/tune/tune-011-one-text-reader-alpha,1,committed,IDEA-210：One-Text Reader-Alpha Adaptation,testing_non_innovation_rescue,2026-09-06T12:53:38+00:00
idea,IDEA-211,research/ideas/IDEA-211_directional_interaction_alignment.md,d6ef7b2e259aa76ecc822969be970143483aee5e,2a467d66dc4617771e7d828c59efd4c1965b28b8,exp/v6/innovation/v6-try-010-r2-dial,1,committed,IDEA-211 / Directional Interaction Alignment (DIAL),,2026-09-06T12:53:38+00:00
idea,IDEA-211,research/ideas/IDEA-211_one_text_end_to_end.md,43f27175b21620bb44044d1462ab289462010aab,15080b9fca55e004638e1ec87dd2644058890d83,exp/v7/tune/tune-012-one-text-e2e,1,committed,IDEA-211：One-Text End-to-End,testing_non_innovation_framework_revision,2026-09-06T12:53:38+00:00
idea,IDEA-212,research/ideas/IDEA-212_one_text_seen_only_ce.md,9e265e1f6b02bafa18da0cf21eb439195d031da4,f037869a08429fb63941dc4f368fac175ce73da0,codex/v7-psr-occupancy-diagnostic,13,committed,IDEA-212: One-Text Seen-Only CE,testing_non_innovation_tune_rescue,2026-09-06T12:53:38+00:00
idea,IDEA-212,research/ideas/IDEA-212_one_text_seen_only_ce.md,d8fc53f856c2b252b248035c0ef3dae78b2a3dfe,ebb782a8cf54885ad31df21ff68c131dcaa1ed0d,exp/v7/ablation/ablation-002-seen-ce,1,committed,IDEA-212: One-Text Seen-Only CE,revised_mechanism_supported_but_below_formal_floor,2026-09-06T12:53:38+00:00
idea,IDEA-212,research/ideas/IDEA-212_one_text_seen_only_ce.md,71d891bd50fee487d3a465feb0ee0e27e2dee9f0,0d8806cb674b98ca99022a57ae7ce0da0840bdfb,exp/v7/tune/tune-013-one-text-seen-ce,1,committed,IDEA-212: One-Text Seen-Only CE,revised_mechanism_supported_but_below_formal_floor,2026-09-06T12:53:38+00:00
idea,IDEA-212,research/ideas/IDEA-212_one_text_seen_only_ce.md,33350da961f1f1c582444fc890c6872993814040,e10907d73ce81853783580d8497c06a50a18349b,exp/v7/tune/tune-013-one-text-seen-ce-clean,1,committed,IDEA-212: One-Text Seen-Only CE,testing_non_innovation_tune_rescue,2026-09-06T12:53:38+00:00
idea,IDEA-212,research/ideas/IDEA-212_prototype_first_disentangled_evidence.md,6c072a73433d2f19e60004695da4729ba780d31d,fbb7776c50fa5634a8b68bde57c9f03894e313b6,exp/v6/innovation/v6-try-010-r3-prototype-interaction,1,committed,IDEA-212 / Prototype-First Disentangled Evidence (PFDE),,2026-09-06T12:53:38+00:00
idea,IDEA-213,research/ideas/IDEA-213_class_held_out_vi_training.md,40f31b13b395d62f5938542f81b397dfd7ce81b4,96f19979e1dd1016080295cb0d8225e1c3ec74ad,exp/v7/ablation/ablation-006-class-held-out-r,2,committed,IDEA-213: Class-Held-Out V/I Training,revised_small_positive_signal_below_formal_floor,2026-09-06T12:53:38+00:00
idea,IDEA-213,research/ideas/IDEA-213_role_region_transport_verification.md,fed4f7687ec563f4301790262c0a779b3fcff862,f74bfeab882bdc083e2c4d54ad9c0f006fedc5aa,exp/v6/diagnostic/idea-213-rtv-gate,1,committed,IDEA-213 / Role-Region Transport Verification (RTV),,2026-09-06T12:53:38+00:00
idea,IDEA-214,research/ideas/IDEA-214_natural_role_mil_projection.md,40fde6acf745bd85309741149ac8302ad9b75405,1cf353315c0efec78e3525d53162c068831430af,exp/v6/diagnostic/idea-214-nrmp-gate,1,committed,IDEA-214 / Natural-Role MIL Projection (NRMP),,2026-09-06T12:53:38+00:00
idea,IDEA-214,research/ideas/IDEA-214_text_relation_visual_operator.md,8658bc438f7f2779027975fc0eadc0234c3e27d8,b10b35c1005db402acee584f9e2de887102866df,exp/v7/tune/tune-015-relation-visual-operator,1,committed,IDEA-214：一文本关系视觉化算子,,2026-09-06T12:53:38+00:00
idea,IDEA-215,research/ideas/IDEA-215_clrv_patch_response_diagnostic.md,39dd6cc709a1bca65ecc50b239d26acfc39e34b6,0d098a7758ac287a7c0bedc102e3d066c10d7977,exp/v7/diagnostic/diagnostic-001-clrv-patch,1,committed,IDEA-215：CLRV Patch Response Diagnostic,rejected_at_asset_signal_gate,2026-09-06T12:53:38+00:00
idea,IDEA-215,research/ideas/IDEA-215_conditional_residual_grounding.md,971abcff6b4b196d3edb41a96ace8e3d51d36dca,6b95bd81aa318ba002dc57e1225ee7e35b883dcd,exp/v6/diagnostic/idea-215-crg-gate,1,committed,IDEA-215 / Conditional Residual Grounding (CRG),,2026-09-06T12:53:38+00:00
idea,IDEA-215,research/ideas/IDEA-215_de_parent_svi_mask_diagnostic.md,b356eefdc7fbb283e2ce4791df1b203ad924916e,cd90f89d726ca8b76b5481d78b9cdc81325952bf,exp/v7/ablation/ablation-004-no-parent-head,1,committed,IDEA-215: De-Parent S/V/I Mask Diagnostic,revised_supported_tg_gtd_mask_hypothesis,2026-09-06T12:53:38+00:00
idea,IDEA-216,research/ideas/IDEA-216_conflict_aware_evidential_fusion.md,b1a28f269e0f6deabd57253b46876c3ec80eea3d,1c33344a2d7b3a77448377bad82d1c481f5c44fb,exp/v6/diagnostic/idea-216-caef-gate,1,committed,IDEA-216 / Conflict-Aware Evidential Fusion (CAEF),,2026-09-06T12:53:38+00:00
idea,IDEA-217,research/ideas/IDEA-217_patch_mil_visual_expert.md,672e304c9713f1df5e0724015b57e0ba19a5d3b7,d050093229d80b8fd6ed5b5e315369b165f40101,exp/v6/diagnostic/idea-217-pmve-gate,1,committed,IDEA-217 / Patch-MIL Visual Expert (PMVE),,2026-09-06T12:53:38+00:00
idea,IDEA-218,research/ideas/IDEA-218_class_conditional_mil_visual_expert.md,334f1caf1c040a14f3a03e97f245f66adad04ec2,04e8b87a8c1026db817edb1f7966d09337e2889a,exp/v6/diagnostic/idea-218-ccmve-gate,1,committed,IDEA-218 / Class-Conditional MIL Visual Expert (CCMVE),,2026-09-06T12:53:38+00:00
idea,IDEA-219,research/ideas/IDEA-219_padc.md,3034bd6745a2ab93a45f19ab7bcb224835328058,06da50b69e26c83d2ca9944e0bb75a9dc801140c,exp/v6/diagnostic/idea-219-padc-gate,1,committed,IDEA-219 / Prototype-Anchored Deletion-Consistent Visual Expert (PADC),,2026-09-06T12:53:38+00:00
idea,IDEA-220,research/ideas/IDEA-220_rgdcf.md,f8ed3611ff2a213b47c86d68c7e9a0b5e11222c8,241d9f8b50f1ec53aacb9924a08260e857da4824,exp/v6/diagnostic/idea-220-rgdcf-gate,1,committed,IDEA-220 / Reliability-Gated Dual-Coordinate Fusion (RG-DCF),,2026-09-06T12:53:38+00:00
idea,IDEA-221,research/ideas/IDEA-221_sclv.md,35bb1a6eba1977b70b2ebf76103e05f14160c637,b64e5038e5e6859ca73a5b8b88dff2638a29a21e,exp/v6/diagnostic/idea-221-sclv-gate,1,committed,IDEA-221 / Semantic Candidate Local Verification (SCLV),,2026-09-06T12:53:38+00:00
idea,IDEA-222,research/ideas/IDEA-222_pllrv.md,3cad3edb9409dcc97cb076001a9c51ae4654d0cd,56a1e918ec5985c9e0e7ab7a203626bc41cc86a5,exp/v6/diagnostic/idea-222-pllrv-gate1a,1,committed,IDEA-222 / Pairwise Local Likelihood-Ratio Verification (PLLRV),,2026-09-06T12:53:38+00:00
idea,IDEA-223,research/ideas/IDEA-223_rpllrv.md,2bf7076fa4efa8069ea3cae876b57469afc31a9a,50f142283ad6809f01d274903eed3373eaf39a9c,exp/v6/diagnostic/idea-223-rpllrv-gate1a,1,committed,IDEA-223 / Role-Decomposed Pair Likelihood Verifier (R-PLLRV),,2026-09-06T12:53:38+00:00
idea,IDEA-224,research/ideas/IDEA-224_hclr.md,eae5d34df9b0a830a35ead6dce1a38e7079aab78,619bb237f3dc2adb3ed3a26c66a74a6408d55885,exp/v6/diagnostic/idea-224-hclr-gatea,1,committed,IDEA-224 / Hard-Candidate Listwise Unary Reranker (HCLR),,2026-09-06T12:53:38+00:00
idea,IDEA-226,research/ideas/IDEA-226_aeli.md,e994bc55d636bd758cde57f537897d8b02ebd1e4,fe3b507b980c69db5449c0cbe8de31fd2a757b2d,exp/v6/diagnostic/idea-226-aeli-gate1a,1,committed,IDEA-226 / Attribute Evidence Likelihood-Ratio Intervention (AELI),,2026-09-06T12:53:38+00:00
idea,IDEA-227,research/ideas/IDEA-227_hael.md,400e81e4e56982f8d457f98b4a99f6a55ad9ceb0,c51b5ae9d7df02e19c1dc0dbd7a153f0a596cb50,exp/v6/diagnostic/idea-227-hael-gate1a,1,committed,IDEA-227 / Hybrid Attribute Evidence Likelihood (HAEL),,2026-09-06T12:53:38+00:00
idea,IDEA-232,research/ideas/IDEA-232_class_level_residual_regression.md,3bc382b0ee3b3af0395fcaa6e81763a71a5e9f00,c89597884f05524950a3ec7aadc1a0898c1e0af2,exp/v5/diagnostic/idea-232-crr,1,committed,IDEA-232 / Class-level Residual Regression (CRR) — 专家属性主线终结性 kill-gate,,2026-09-06T12:53:38+00:00
idea,IDEA-233,research/ideas/IDEA-233_pairwise_intervention_effect_distillation.md,8304ba67d3cd6fab38c6108aefe77e15fb9e5795,6ec3bc6fe816c630a72482f2948c1efce0dd9102,exp/v5/diagnostic/idea-233-pied-r,1,committed,IDEA-233：Pairwise Intervention-Effect Distillation Reader（PIED-R）,,2026-09-06T12:53:38+00:00
idea,IDEA-233,research/ideas/IDEA-233_pcrs.md,0b581a05e6e04ec17c33e1907759d94ce8481b35,d3132409f42126ca203fcb4f1bf47c6ec0ea2675,exp/v7/innovation/innovation-001-pcrs-v2,1,committed,IDEA-233 PCRS v2,rejected,2026-09-06T12:53:38+00:00
idea,IDEA-233,research/ideas/IDEA-233_role_consistency_restriction.md,9a41c5262ea41b1b31b4f05a42c4c65261517b0d,,workspace:D:/backup/Documents/ChatGPT/gzsl-paper,0,local_uncommitted,IDEA-233：Role-Consistency Restriction（S-CRI）,not_reconciled,2026-09-06T12:53:38+00:00
idea,IDEA-234,research/ideas/IDEA-234_role_tangent_support_prototype.md,e5658297af9b6650fb6e51d3aa8fdc7b67dd69a5,,workspace:D:/backup/Documents/ChatGPT/gzsl-paper,0,local_uncommitted,IDEA-234：Role-Tangent Support Prototype（RTSP）,not_reconciled,2026-09-06T12:53:38+00:00
idea,IDEA-235,research/ideas/IDEA-235_role_conditioned_metamorphic_verification.md,c200d87919d1848b283dc3081fef95fddcb22bc8,,workspace:D:/backup/Documents/ChatGPT/gzsl-paper,0,local_uncommitted,IDEA-235：Role-Conditioned Metamorphic Verification（R-MVV）,not_reconciled,2026-09-06T12:53:38+00:00
idea,IDEA-236,research/ideas/IDEA-236_candidate_conditioned_cycle_verification.md,7a95ec36073f2b5d90f44d0b2b957c34e96012f8,2cfed1d377ee752c6b96078fc12e0a9faa549a38,exp/v5/diagnostic/idea-236-cccv,1,committed,IDEA-236：Candidate-Conditioned Cycle Verification（CCCV）,,2026-09-06T12:53:38+00:00
idea,IDEA-236,research/ideas/IDEA-236_prompt_edit_residual_kernel.md,02efd973197e930685e9218358b31d8bda8cb689,,workspace:D:/backup/Documents/ChatGPT/gzsl-paper,0,local_uncommitted,IDEA-236：Prompt-Edit Residual Kernel（PERK）,not_reconciled,2026-09-06T12:53:38+00:00
idea,IDEA-237,research/ideas/IDEA-237_role_multi_positive_adaptation.md,599460c5d2c292f69fa38dddcbb935a5cb9c57e3,,workspace:D:/backup/Documents/ChatGPT/gzsl-paper,0,local_uncommitted,IDEA-237：Role Multi-Positive Adaptation（RMPA）,not_reconciled,2026-09-06T12:53:38+00:00
queue,,experiments/v2/EXPERIMENT_QUEUE.csv,6bd7177902436f07df25c28922c79269df72bd10,aff1212476c014398c8945c0536d7632895271a2,codex/adma,1,committed,,,2026-09-06T12:53:38+00:00
queue,,experiments/v2/EXPERIMENT_QUEUE.csv,e5310c48c49a262d8275d370b99d99f01783fbe5,cae6eedcaf2d6ccba81bb402d9f1c0cdb00c0c79,codex/agct-source-oracle,103,committed,,,2026-09-06T12:53:38+00:00
queue,,experiments/v2/EXPERIMENT_QUEUE.csv,835075898026782c1c0310487bb1d43109398e9e,f8c8085c4a11a5824103cf1f4576edfbafbae282,codex/ara,1,committed,,,2026-09-06T12:53:38+00:00
queue,,experiments/v2/EXPERIMENT_QUEUE.csv,df1efbd68c471c2bcddae4abd770d1e8f87284c2,371bbd539f12bc1511b8ae37dba93066109261c8,codex/cara,1,committed,,,2026-09-06T12:53:38+00:00
queue,,experiments/v2/EXPERIMENT_QUEUE.csv,6012e9db3be0d99ac90e812d4c6690282e393b6e,c75198ce6bfb84b8e3eb2cd4fc47fda83572543b,codex/ccgr-epoch-select,1,committed,,,2026-09-06T12:53:38+00:00
queue,,experiments/v2/EXPERIMENT_QUEUE.csv,f81eb7271c7fa108e0c82672ce6a6c501a3aa1c9,48e9f055a9b5f0f0164b20e4740a0d6c9c5724e0,codex/ccgr-heo,1,committed,,,2026-09-06T12:53:38+00:00
queue,,experiments/v2/EXPERIMENT_QUEUE.csv,32a2bd1bfa43b5dbe8f1b266a908b583224bb26b,00d6151934e186c979d69bc86a1fa257fdddc42b,codex/ccgr-lbs,1,committed,,,2026-09-06T12:53:38+00:00
queue,,experiments/v2/EXPERIMENT_QUEUE.csv,38024ff14a1a21b069e6bee2c9857913e9b549f4,d06f501f2577fdff07f4b469a21cd5a9ee7777de,codex/ccra,1,committed,,,2026-09-06T12:53:38+00:00
queue,,experiments/v2/EXPERIMENT_QUEUE.csv,210e3c7dd8d3e8065c07e890b7ada3dcf8d14cdd,8658e18fa79876d464d495ca9c067f13c4dd0840,codex/cnebc,1,committed,,,2026-09-06T12:53:38+00:00
queue,,experiments/v2/EXPERIMENT_QUEUE.csv,58ced407ea7d382a5ed5ea7d9136037ba4345276,fead323191922f10b201af5b8ed9f88916ec6125,codex/cnra,1,committed,,,2026-09-06T12:53:38+00:00
queue,,experiments/v2/EXPERIMENT_QUEUE.csv,f9af593023e32a62f36f0df0bff72a8c4292208a,6804c9c046c9487b006f585257119014baa88d0a,codex/cra,1,committed,,,2026-09-06T12:53:38+00:00
queue,,experiments/v2/EXPERIMENT_QUEUE.csv,b98ff5d5085c4dbda66d5f2116d8b5cad79ef841,e92ec027b9270ae7f2247a9c3351d79c328baa72,codex/cra-output-contract,1,committed,,,2026-09-06T12:53:38+00:00
queue,,experiments/v2/EXPERIMENT_QUEUE.csv,42210e5e70c5aeccc07cc0e6c7a740e3fb6950de,b56ccad712c401aa69cff61f6735d05cca2f507b,codex/cra-resume,1,committed,,,2026-09-06T12:53:38+00:00
queue,,experiments/v2/EXPERIMENT_QUEUE.csv,a36fb6716217169c7f410019b0948825f5483b1a,737056c5cd0a72a0ca5e49c3d27f7294b894a605,codex/deep-supervision-screen,1,committed,,,2026-09-06T12:53:38+00:00
queue,,experiments/v2/EXPERIMENT_QUEUE.csv,a8304477f691a6d666901ed2986357dadec415eb,bb7f75dc79fba2abda1ea68752a07ae9d6eb488c,codex/dra,1,committed,,,2026-09-06T12:53:38+00:00
queue,,experiments/v2/EXPERIMENT_QUEUE.csv,38936e275c6cef071181a0c08f9ae99a60ea67d8,e3f03a880fdc051c8e71d087be33e87188b9069e,codex/ebc,1,committed,,,2026-09-06T12:53:38+00:00
queue,,experiments/v2/EXPERIMENT_QUEUE.csv,a794d3b579754df47a903865cdf5eacafa07f87b,8bdf300006787fc2594822c63056cec3f7cfe729,codex/experiment-queue,1,committed,,,2026-09-06T12:53:38+00:00
queue,,experiments/v2/EXPERIMENT_QUEUE.csv,2be24da202b7d44eaa8171d71e549505a8cdb73c,9411b7892caecd5a15dba88d09b3cefbcfbfda13,codex/jbec,1,committed,,,2026-09-06T12:53:38+00:00
queue,,experiments/v2/EXPERIMENT_QUEUE.csv,12b43cf991cf68a15fe5de85eb7bdb3479077919,9f21dbae5849d29da1d6c292b9ff4041e71488f7,codex/joint-core-standard,1,committed,,,2026-09-06T12:53:38+00:00
queue,,experiments/v2/EXPERIMENT_QUEUE.csv,808314bc7b77b14d039cc24aa698c8dfc31dc8fb,cb162d22e9e5d7803e4c7c01fc3f18ab91b420d8,codex/ng-ccgr,1,committed,,,2026-09-06T12:53:38+00:00
queue,,experiments/v2/EXPERIMENT_QUEUE.csv,83cd0f121697778245096a4ee19dce8a09a8b99c,4bf093a2279143f17d4f10b1a0671cfb2d313f15,codex/ngvf,1,committed,,,2026-09-06T12:53:38+00:00
queue,,experiments/v2/EXPERIMENT_QUEUE.csv,ce493ddfd8c7c02a54713b5f43db07c6e99c64d7,f5bb00266ec5e3771775db50ac73c3b42074970c,codex/sdm,1,committed,,,2026-09-06T12:53:38+00:00
queue,,experiments/v2/EXPERIMENT_QUEUE.csv,af325c5efcdae69b2620d6db62b0d855c6928d99,3d7898ef1c41a17051ecd0af8985ea9f10eca537,codex/seed9-control,1,committed,,,2026-09-06T12:53:38+00:00
queue,,experiments/v2/EXPERIMENT_QUEUE.csv,76a857fb46e57ee62af412ef9db37f7855b53286,dc072b4e2db142630c1560203e83047a57f1daf1,codex/sfa,1,committed,,,2026-09-06T12:53:38+00:00
queue,,experiments/v2/EXPERIMENT_QUEUE.csv,6ad6883eabfcedefe4c03b73bb6554c38280fd8f,3422ae5bcb6a2aba626104c05f2bd0c5dd846262,codex/stage-best-handoff-screen,1,committed,,,2026-09-06T12:53:38+00:00
queue,,experiments/v2/EXPERIMENT_QUEUE.csv,9bb2d1e87fcb758f94bedfb34985fe9f1b6ef25a,461616450da5e43b3eaa0b20783a223710c175b4,codex/trainable-acgr,1,committed,,,2026-09-06T12:53:38+00:00
queue,,experiments/v2/EXPERIMENT_QUEUE.csv,bcd79ebfd66045b9b7cfc3bfee67c966be07d87f,2726f20cbf5bf2f6c037083e5cd9fda8b1b30c56,codex/trainable-bmr,1,committed,,,2026-09-06T12:53:38+00:00
queue,,experiments/v2/EXPERIMENT_QUEUE.csv,1cec183ee0b08cef5d5e4d92c201aab3e094bc14,dc9b868971a3dfca8541af47fce903a61558d6ad,codex/trainable-cata,1,committed,,,2026-09-06T12:53:38+00:00
queue,,experiments/v2/EXPERIMENT_QUEUE.csv,6eadbc2791ff0d8c4f119cd9cb1862c6cba200f5,3e3f5aa0a0a21c1c47006dd5ea09716a0fb0c375,codex/trainable-ccgr,1,committed,,,2026-09-06T12:53:38+00:00
queue,,experiments/v2/EXPERIMENT_QUEUE.csv,502e3648cc8c434a9a33c3547a7d77a8738e8c04,b57f80eefd53eefdc0b19e75bb48c2dc8ebfd322,codex/trainable-cgfg,1,committed,,,2026-09-06T12:53:38+00:00
queue,,experiments/v2/EXPERIMENT_QUEUE.csv,c6907cc329384477381b9f67e257b764a137280c,ef17d1e2489fa94ff488feab081684c92b4210a9,codex/trainable-daln,1,committed,,,2026-09-06T12:53:38+00:00
queue,,experiments/v2/EXPERIMENT_QUEUE.csv,f463962b8a742ab11b971728953cdf0f628facae,735cb14a5f6ba95d973b4c44fd3bda35f384d9b3,codex/trainable-dpt,1,committed,,,2026-09-06T12:53:38+00:00
queue,,experiments/v2/EXPERIMENT_QUEUE.csv,4d3b5ddbb71a3d37a18807dd538ded98a621058e,5e2adcc3201a12cb868c63aaab1ac9c518940ac3,codex/trainable-eaml,1,committed,,,2026-09-06T12:53:38+00:00
queue,,experiments/v2/EXPERIMENT_QUEUE.csv,f6bc37a4433d30561d4f272804b2b9e5c9f15a1e,8dfe86637f1d9487b7cd9e858bff36a538d0cfd3,codex/trainable-edc,1,committed,,,2026-09-06T12:53:38+00:00
queue,,experiments/v2/EXPERIMENT_QUEUE.csv,4492a0a5b781237eae57ec2d66bea878f711dc29,e53254f4e68d2237448964c3ebaaac11e7ed556f,codex/trainable-elpt,1,committed,,,2026-09-06T12:53:38+00:00
queue,,experiments/v2/EXPERIMENT_QUEUE.csv,ea99717f5349e7ec8b409576877350c6a0ded32d,6e971c44d8d08f5823dfcc24c56ba6c9ce57bd5d,codex/trainable-epc,1,committed,,,2026-09-06T12:53:38+00:00
queue,,experiments/v2/EXPERIMENT_QUEUE.csv,fe2221717c0f6c906e095b7692587ff4d9181460,875445ed2066c61ea3a46121be321af73be1c928,codex/trainable-fvra,1,committed,,,2026-09-06T12:53:38+00:00
queue,,experiments/v2/EXPERIMENT_QUEUE.csv,d1d2109ba84842b5dd7f8c0e778b9c0e6febf86f,3a56c2105b6f48c5a7e65c63a60700ec3fdabb93,codex/trainable-icgr,1,committed,,,2026-09-06T12:53:38+00:00
queue,,experiments/v2/EXPERIMENT_QUEUE.csv,62d86070f19060d5f4848be038e4dbc23c084fed,dbc5825dc5a910a176e1914f9f2613d62f17ab66,codex/trainable-mfra,1,committed,,,2026-09-06T12:53:38+00:00
queue,,experiments/v2/EXPERIMENT_QUEUE.csv,fa6393d2c510036b113e9e9dfede691bd665bb17,2bcc82ab8a3986c6a04700d8655b5ee771343d6b,codex/trainable-mpr,1,committed,,,2026-09-06T12:53:38+00:00
queue,,experiments/v2/EXPERIMENT_QUEUE.csv,722973ea4a2507dc3ff1a9b4d36cca00761649a1,6422e7f01387136dac5b1ec2620e3f7819eb75b2,codex/trainable-ntr,1,committed,,,2026-09-06T12:53:38+00:00
queue,,experiments/v2/EXPERIMENT_QUEUE.csv,99fd2db53417585d769fd03d4b07995eb12d2289,0475fd9c2c54bd3972b6d2f8bb2db7f8d92b6ef6,codex/trainable-ort,1,committed,,,2026-09-06T12:53:38+00:00
queue,,experiments/v2/EXPERIMENT_QUEUE.csv,4ff9b3a64d5289b18c06880a9a53e847cc444518,9ead5f4611f4510ee3e53d960c2caf81ae5e2565,codex/trainable-pgo,1,committed,,,2026-09-06T12:53:38+00:00
queue,,experiments/v2/EXPERIMENT_QUEUE.csv,2d4fd77685512e18c056aa6d87ad4edc8cf3551f,49aefc29295f0b6afc652be6c8248269f1dbf539,codex/trainable-purl,1,committed,,,2026-09-06T12:53:38+00:00
queue,,experiments/v2/EXPERIMENT_QUEUE.csv,1bd846200fa95f3d2a5e05c65002cbbc95f5d6f8,8845534d11d08db26a92e0035139d3919297c93d,codex/trainable-sgt,1,committed,,,2026-09-06T12:53:38+00:00
queue,,experiments/v2/EXPERIMENT_QUEUE.csv,b02a3cd81edf7ce3495ee77e3ea02abaeae9e247,60559d06bccc7b24f41f810db49fc93e4c9c229c,codex/trainable-spa,1,committed,,,2026-09-06T12:53:38+00:00
queue,,experiments/v2/EXPERIMENT_QUEUE.csv,3b6a79d75daa85e5f45c32a3fb83d5c14e059a5d,c264dd33ddeec980b51ad973d86f3c5b52b5c5b6,codex/trainable-svpg,1,committed,,,2026-09-06T12:53:38+00:00
queue,,experiments/v2/EXPERIMENT_QUEUE.csv,b46780249f186f8c74aedb3e32b2332fe2ee19f0,04f91f2f038747866c40dc5c8457ce9f298ce9af,codex/trainable-tst,1,committed,,,2026-09-06T12:53:38+00:00
queue,,experiments/v2/EXPERIMENT_QUEUE.csv,9d18de4eb9761096712351d96aff71a4c490f3dd,44ac87decc0bbe9e5830032f1b9899737f44350a,codex/v2-try-001-unseen-transfer,1,committed,,,2026-09-06T12:53:38+00:00
queue,,experiments/v2/EXPERIMENT_QUEUE.csv,0388c5eb20de106892290604c64dd2581c6f203f,547bbdea8d10eb8049936173193b877a74fbb9bf,codex/v2-unseen-transfer-multiseed,1,committed,,,2026-09-06T12:53:38+00:00
queue,,experiments/v2/EXPERIMENT_QUEUE.csv,90f70e102cb5591027766b061df3ed050f0cbb81,2a34f51563bf6e827ea732d6cf0e25ba232bc7e9,codex/vebc,1,committed,,,2026-09-06T12:53:38+00:00
queue,,experiments/v2/EXPERIMENT_QUEUE.csv,038879bef3eae8d960f63f45cc055d2ccc9ed759,3ca778fbc09808c564f7c0d86ceb2b4f6fa9e0d8,codex/vpa,1,committed,,,2026-09-06T12:53:38+00:00
queue,,experiments/v2/EXPERIMENT_QUEUE.csv,348c0b5b20378c441114f4840a5b34a32c8a4992,ccb8d7e77ddc593fd22c77d29e0a8584256db7bc,exp/v2/diagnostic/idea-133-mean8-visual-inference,1,committed,,,2026-09-06T12:53:38+00:00
queue,,experiments/v2/EXPERIMENT_QUEUE.csv,2309f6661a63b8deed09524b5c60242112559950,bed9a9cf028d7f2a1340b5215f0ef7293a9eb242,main,161,committed,,,2026-09-06T12:53:38+00:00
queue,,experiments/v3/EXPERIMENT_QUEUE.csv,53e02086f00ada829a7f9155d2e62652bcd9599a,6e5142548c0da2c0696519d5d0eb2181888f41dc,codex/v3-dual-visual-candidates,3,committed,,,2026-09-06T12:53:38+00:00
queue,,experiments/v3/EXPERIMENT_QUEUE.csv,446565df61673c547e91e43fdf167d3bd8185be4,0a9c498ca6c7b1079093cccac828004b46966006,codex/v3-dynamic-screen,1,committed,,,2026-09-06T12:53:38+00:00
queue,,experiments/v3/EXPERIMENT_QUEUE.csv,309b1018dc9b9c111b2b1607861145f464295d02,bb7d900910ef317142e956537d2d84a2b074f9d8,codex/v3-gtd-clean-parent,3,committed,,,2026-09-06T12:53:38+00:00
queue,,experiments/v3/EXPERIMENT_QUEUE.csv,43bbe4e5fb603c891c566b28b7a2b3bc6ac9d2e1,382f826ec86e2e58b59130d696ec48cc23b68da7,exp/v3/confirmation/confirmation-003-gtd-from-scratch,1,committed,,,2026-09-06T12:53:38+00:00
queue,,experiments/v3/EXPERIMENT_QUEUE.csv,080ee617d7faebd394dae05ce44202e9eea1a17b,645b609a95e44404ed7a9e65914adcd31bf065f3,exp/v3/confirmation/confirmation-014-fresh-effective-modules,1,committed,,,2026-09-06T12:53:38+00:00
queue,,experiments/v3/EXPERIMENT_QUEUE.csv,c4b0d176cb13bc07293265e0c746b75a1c2ee1cc,1722b71dd4a548c3f1796bfcdc64d542110fde13,exp/v3/confirmation/confirmation-015-gtd-multidataset,1,committed,,,2026-09-06T12:53:38+00:00
queue,,experiments/v3/EXPERIMENT_QUEUE.csv,6ae5ae9f91251d42f2cff2dd33bb25a875bbefed,89633377da4eb5dd5f0fb3513a493935d898dc86,exp/v3/confirmation/control-020-tg-continuation,1,committed,,,2026-09-06T12:53:38+00:00
queue,,experiments/v3/EXPERIMENT_QUEUE.csv,8d4c47fe8436b018ec1d61f22c7732f8e67db6f1,c1fde3f4343610674f8a8aba3b2be6bcb5b43630,exp/v3/confirmation/control-026-mmt-parent,1,committed,,,2026-09-06T12:53:38+00:00
queue,,experiments/v3/EXPERIMENT_QUEUE.csv,3c7bb114e95484114aca6a76e43577ada51ffb38,12eaf71d6757fb626682be5334160c2dcffbbd76,exp/v3/innovation/innovation-002-clpr,1,committed,,,2026-09-06T12:53:38+00:00
queue,,experiments/v3/EXPERIMENT_QUEUE.csv,903056217d600190f99c12372d1793b9be20defe,430cce6816f1442450090dc39140ea95e2084455,exp/v3/innovation/innovation-003-frequency-foreground,1,committed,,,2026-09-06T12:53:38+00:00
queue,,experiments/v3/EXPERIMENT_QUEUE.csv,03a341d9df0c309f5c17e260608b8ca33a202416,3f328029e7dcdc8dce6ca9ec40cd8ac5c10685d0,exp/v3/innovation/innovation-004-multiscale-contrast,1,committed,,,2026-09-06T12:53:38+00:00
queue,,experiments/v3/EXPERIMENT_QUEUE.csv,5808174fa3f62af3fdc982618dd8d9eca041ad70,2559e980d181584b36c5b9cdc375a3956932f743,exp/v3/innovation/innovation-005-fmc-sr,1,committed,,,2026-09-06T12:53:38+00:00
queue,,experiments/v3/EXPERIMENT_QUEUE.csv,1265d497825faa3d32eaf5f736a033425057f388,d3cc66e30fd45b4a52a8b3cbbc9d3bc0078a6b63,exp/v3/innovation/innovation-006-faithful-tst-e2e,1,committed,,,2026-09-06T12:53:38+00:00
queue,,experiments/v3/EXPERIMENT_QUEUE.csv,75272dece8e67f6db3a41225a909c541238e045f,3be4729c9fb3a27cbf01c50f7a9105137582c841,exp/v3/innovation/innovation-009-mmt-tst,1,committed,,,2026-09-06T12:53:38+00:00
queue,,experiments/v3/EXPERIMENT_QUEUE.csv,81188c9ea27b8bf1282e710348b429b4ca024244,d611987cc70b6906a7e444284a79937c8d7e8010,exp/v3/innovation/innovation-010-bd-tst,1,committed,,,2026-09-06T12:53:38+00:00
queue,,experiments/v3/EXPERIMENT_QUEUE.csv,66c8ef945900fcf814b691d743d3017015778b81,dcf87dcbd2a5d4fb90e4f9a55af6bc2c31ae00de,exp/v3/innovation/innovation-011-op-tst,1,committed,,,2026-09-06T12:53:38+00:00
queue,,experiments/v3/EXPERIMENT_QUEUE.csv,262d2b1ea041004a07dfe3f9e5a4efd84a07dcd2,ce21db44f8669fbaf4745adc15c699ae20960ddc,exp/v3/innovation/innovation-012-ivt-tst,1,committed,,,2026-09-06T12:53:38+00:00
queue,,experiments/v3/EXPERIMENT_QUEUE.csv,d3640a11459f56c12872ce9faa1311c5169ce15f,3de53bbe95bc15686d30a92cd601409c46894ead,exp/v3/innovation/innovation-013-decoupled-ivt,1,committed,,,2026-09-06T12:53:38+00:00
queue,,experiments/v3/EXPERIMENT_QUEUE.csv,e77df46b23e36b3fd7c58e07c3f370c9976fb656,0ed13b40dd2d33f07f1ffbae473ba5605472a14e,exp/v3/innovation/sparse-local-evidence,1,committed,,,2026-09-06T12:53:38+00:00
queue,,experiments/v3/EXPERIMENT_QUEUE.csv,6501db1f5cb9a85bd85ad885eecea037964c1fb6,bed9a9cf028d7f2a1340b5215f0ef7293a9eb242,main,137,committed,,,2026-09-06T12:53:38+00:00
queue,,experiments/v4/EXPERIMENT_QUEUE.csv,f12a88f0386efac728312e091cfd49efba812613,3cb699ed88b6b7a89cac123593f5940447cba5f8,codex/hccp-transfer,15,committed,,,2026-09-06T12:53:38+00:00
queue,,experiments/v4/EXPERIMENT_QUEUE.csv,03a973576422037c7a76114b8bff133ffcf4479e,aa161acc9bfdb67fd8f30a8955d620056ac82481,codex/hcvc-transfer,1,committed,,,2026-09-06T12:53:38+00:00
queue,,experiments/v4/EXPERIMENT_QUEUE.csv,513c1810e1fe752189000dd136226055af328fc8,213ede41570b0ace4dde862ff607bf97c43252a4,codex/repository-layout,3,committed,,,2026-09-06T12:53:38+00:00
queue,,experiments/v4/EXPERIMENT_QUEUE.csv,bcb06ab6eb6e1ce87ff45f435ba02efcac9f5a91,36544b12ffd51f9f332b98a51ccd488968d4025f,exp/v4/confirmation/confirmation-003-pclr-multidataset,2,committed,,,2026-09-06T12:53:38+00:00
queue,,experiments/v4/EXPERIMENT_QUEUE.csv,fd772fc349e85839bd91d2773b1315fc27a2e5b3,b5c36f5c7f9d2aeda054541341bd0509e5a573ef,exp/v4/diagnostic/diagnostic-001-active-evidence-acquisition,1,committed,,,2026-09-06T12:53:38+00:00
queue,,experiments/v4/EXPERIMENT_QUEUE.csv,935d090f1d3c4c71d3bbe49a98ac057729fdcd81,138ddcdca019156b8a713d7d555335d3a2c1a15d,exp/v4/innovation/innovation-001-gave,1,committed,,,2026-09-06T12:53:38+00:00
queue,,experiments/v4/EXPERIMENT_QUEUE.csv,28dc4d6ccc0c4d4b2809a5882553f2f13e7c00e9,ba2d7be9f0e744a3e62a76fde775a7f694cf4889,exp/v4/innovation/innovation-002-rgt,1,committed,,,2026-09-06T12:53:38+00:00
queue,,experiments/v4/EXPERIMENT_QUEUE.csv,1c837c3c66acfb03f73583762893b05b3c0ab87a,1fc2f82eac750ce128037788c5e282716ab0d383,exp/v4/innovation/innovation-003-role-evidence-distribution,1,committed,,,2026-09-06T12:53:38+00:00
queue,,experiments/v4/EXPERIMENT_QUEUE.csv,3b54cfd9f64a8040ecf1e6f3ed07a6467573555a,7fa2c0ddd7deb7c61339d577f40b34d57b4e2d14,exp/v4/innovation/innovation-006-text-conditioned-distribution,1,committed,,,2026-09-06T12:53:38+00:00
queue,,experiments/v4/EXPERIMENT_QUEUE.csv,f580254d70c9a0a61e35c585a0f93931f32dce36,405835f1fc6a9b2fedc406d71e2496ada6e27e30,exp/v4/innovation/innovation-008-concept-region-interaction,1,committed,,,2026-09-06T12:53:38+00:00
queue,,experiments/v4/EXPERIMENT_QUEUE.csv,c8bc8dff0bce0150b466ef10ea8265c79dd6668b,803fe676655b9682f1718c2d1533bd866879650c,exp/v4/innovation/innovation-009-contrastive-concept-interaction,1,committed,,,2026-09-06T12:53:38+00:00
queue,,experiments/v4/EXPERIMENT_QUEUE.csv,516ed12f6aa84a31f89de4f46d3f743d4d893205,debf2e1293a57214692e56280f06be579fa20844,exp/v4/innovation/innovation-010-content-aware-inpainted-interaction,1,committed,,,2026-09-06T12:53:38+00:00
queue,,experiments/v4/EXPERIMENT_QUEUE.csv,527e7e4b2e1319232a32829a9b571e5b7821b222,7a730cdd9f613e6225450e75c2c5aebc80bc5577,exp/v4/innovation/innovation-011-hcvc,1,committed,,,2026-09-06T12:53:38+00:00
queue,,experiments/v4/EXPERIMENT_QUEUE.csv,fb85788a39c269b558c4ef3e621e584284cf14a7,6ca01931300078a75a6381b0cca3f6822c2af5a0,exp/v4/innovation/innovation-013-gst,1,committed,,,2026-09-06T12:53:38+00:00
queue,,experiments/v4/EXPERIMENT_QUEUE.csv,bad8f32e04f95bcd51f38df69c0503b11bc17e44,e3ed02554c7fe84a3b29bdb5576ddc3c362f7b4c,exp/v4/innovation/innovation-014-crp,1,committed,,,2026-09-06T12:53:38+00:00
queue,,experiments/v4/EXPERIMENT_QUEUE.csv,266e26ec0dac9a78f290528965cccef678c30261,6da290c7d63d60c203b74ce7d96e93b309240f13,exp/v4/innovation/innovation-015-tpc,1,committed,,,2026-09-06T12:53:38+00:00
queue,,experiments/v4/EXPERIMENT_QUEUE.csv,0678a7016ca2068ece93b8d69d97735fe79af006,9547706ea81eacb4c9a0afa70ba5b8f50285337c,exp/v4/innovation/innovation-016-ocar,1,committed,,,2026-09-06T12:53:38+00:00
queue,,experiments/v4/EXPERIMENT_QUEUE.csv,9c041a71f74d971b6f0df5748f27a831086b9ae8,c4341027c17410d8c60c072780361802df4e9796,exp/v4/innovation/innovation-018-pecv,1,committed,,,2026-09-06T12:53:38+00:00
queue,,experiments/v4/EXPERIMENT_QUEUE.csv,f4e4a99a81eea5473a094246ccd2a71467ad8d71,e199b8544a4b3dd57f592ccf04c290732e7c1758,exp/v4/innovation/innovation-018-sgnc,1,committed,,,2026-09-06T12:53:38+00:00
queue,,experiments/v4/EXPERIMENT_QUEUE.csv,53f2fb2bf4d755377675af7ee72719ee04af1f78,7125b40797d715753cbb92985ebc2f03494dc448,exp/v4/innovation/innovation-019-case-dro,1,committed,,,2026-09-06T12:53:38+00:00
queue,,experiments/v4/EXPERIMENT_QUEUE.csv,a1c207ca80b8b6f53d2d07ca0c2500d6ff772c6e,6ece11dc62890e26d9210a138b792542b6a43289,exp/v4/innovation/innovation-020-pecv-formal,1,committed,,,2026-09-06T12:53:38+00:00
queue,,experiments/v4/EXPERIMENT_QUEUE.csv,448b9b545029eaae0d7e9ff33c816b898f7049c6,2e702868260ad4ff752cd855ba399733918c41dc,exp/v4/innovation/innovation-021-gipv,1,committed,,,2026-09-06T12:53:38+00:00
queue,,experiments/v4/EXPERIMENT_QUEUE.csv,3ffbd34bd3fb9fec11dcc192417a98344ee30bf1,ecca189608a46efa5ea39d2c5cc0a28da26a10f9,exp/v4/innovation/innovation-022-inference-aligned-pecv,1,committed,,,2026-09-06T12:53:38+00:00
queue,,experiments/v4/EXPERIMENT_QUEUE.csv,7d4212b00064756cf341ca230904a95fc1a17e1d,3f5a8d54f45fffbf0df80510275d27f4057916a7,exp/v4/innovation/innovation-023-bet-vp,1,committed,,,2026-09-06T12:53:38+00:00
queue,,experiments/v4/EXPERIMENT_QUEUE.csv,083d713eae664a96268fd8f936c9de8f3079aef6,44ec629592fed9a99a06866d9d38c0c5acd47f16,exp/v4/innovation/innovation-023-ivac,1,committed,,,2026-09-06T12:53:38+00:00
queue,,experiments/v4/EXPERIMENT_QUEUE.csv,957d99d3a34618685d5221f8b8dfd931e81d753a,ec8695edad2859bea014756242ca8aae8bdebaee,exp/v4/innovation/innovation-024-bet-rgve,1,committed,,,2026-09-06T12:53:38+00:00
queue,,experiments/v4/EXPERIMENT_QUEUE.csv,b81ca0da038627efd4de781569719713cf30c77a,9d1748cecb9aa9a269ea72870b031a4dd2e7f78f,exp/v4/innovation/innovation-024-local-pclr-rescue,1,committed,,,2026-09-06T12:53:38+00:00
queue,,experiments/v4/EXPERIMENT_QUEUE.csv,361f3b35d8bfd13ae08a62687d6a2cadf770c54c,ff3823f630f668116365fa3815ec8f00a45ed43f,exp/v4/innovation/innovation-024-local-pclr-tuned-rescue,1,committed,,,2026-09-06T12:53:38+00:00
queue,,experiments/v4/EXPERIMENT_QUEUE.csv,8442a66bc7d7b68d8376638cb70920889b82cf4d,213d64287c5b4554068fa4cc44876bbcfaeee7f0,exp/v4/innovation/innovation-024-pclr,1,committed,,,2026-09-06T12:53:38+00:00
queue,,experiments/v4/EXPERIMENT_QUEUE.csv,29b5cb4613e22bfd452539610740b2c09a3a99dd,3825968a4836706e2d4feab4367986e5fd7b1be0,exp/v4/innovation/innovation-024-pclr-semantic-ensemble,1,committed,,,2026-09-06T12:53:38+00:00
queue,,experiments/v4/EXPERIMENT_QUEUE.csv,85f0554d8eb5086de8a07714edbb3b57a9d1133e,38d2416579818da0d7bda6511e8c2ebb63e75fc5,exp/v4/innovation/innovation-025-bet-rgve-rescue,1,committed,,,2026-09-06T12:53:38+00:00
queue,,experiments/v4/EXPERIMENT_QUEUE.csv,74ab054d307cb0dc60a60a0d9210ad5a0207a2f7,5e65ea2d636898aba93f8497747608676814c06e,exp/v4/innovation/innovation-025-ec-rgve,1,committed,,,2026-09-06T12:53:38+00:00
queue,,experiments/v4/EXPERIMENT_QUEUE.csv,82c69001e06f6f4ed71c7857e1c79c9a8e1ee9d0,bed9a9cf028d7f2a1340b5215f0ef7293a9eb242,main,88,committed,,,2026-09-06T12:53:38+00:00
queue,,experiments/v5/EXPERIMENT_QUEUE.csv,a2d1cb36a5ec8659a0a09286dc50c92f8a2d13df,baf19a6888643f3dbb4b9166263266d357967d9f,exp/v5/diagnostic/gp-replacement,1,committed,,,2026-09-06T12:53:38+00:00
queue,,experiments/v5/EXPERIMENT_QUEUE.csv,31a4a375e6ceea1a6a76ceb93c5bd7de9f513b69,c89597884f05524950a3ec7aadc1a0898c1e0af2,exp/v5/diagnostic/idea-232-crr,1,committed,,,2026-09-06T12:53:38+00:00
queue,,experiments/v5/EXPERIMENT_QUEUE.csv,1edfb4c01ea56e143891585b89dbd23cd64760b3,7ec3e0602ec46d165f173c2218d16d45573a8d26,exp/v5/innovation/v5-try-003-rceg,1,committed,,,2026-09-06T12:53:38+00:00
queue,,experiments/v5/EXPERIMENT_QUEUE.csv,149dcf7f39a81da27bd874905e8c1267343ae58d,fdb1e0c282055611cb56a6af7ff71ab2867951ef,exp/v5/innovation/v5-try-004-oref,1,committed,,,2026-09-06T12:53:38+00:00
queue,,experiments/v5/EXPERIMENT_QUEUE.csv,1a920fa774e03a5e5c77c06aadb15ce28fead7c1,25097fe3e81ae5099fa505350eca638bb4bbd354,exp/v5/innovation/v5-try-005-cuav,1,committed,,,2026-09-06T12:53:38+00:00
queue,,experiments/v5/EXPERIMENT_QUEUE.csv,314b83f6da9ccff2984bdfcf9922c2d9a87cfb6b,a750ede0cdcb1042076d811dc27b190bdd8d706f,exp/v5/innovation/v5-try-007-rwdg,1,committed,,,2026-09-06T12:53:38+00:00
queue,,experiments/v5/EXPERIMENT_QUEUE.csv,7ee1923cf3e94658812e04aeee938812606a86b8,06b22ee7c7416d3d6fe9b2cee9c4087f2cf1d283,exp/v5/innovation/v5-try-008-dccu,1,committed,,,2026-09-06T12:53:38+00:00
queue,,experiments/v5/EXPERIMENT_QUEUE.csv,c0d48405539fe6aa3d6e4fbae9d11f773a927677,e374b3b8089ed0d2fadf3212648944bf4d713007,exp/v5/innovation/v5-try-009-scaa,1,committed,,,2026-09-06T12:53:38+00:00
queue,,experiments/v5/EXPERIMENT_QUEUE.csv,42e3d4efb7a586ee45a246254c9f953e9e3d9bbc,5125e439d89369a1c1088e57a82b9e6d87eb8ada,exp/v5/innovation/v5-try-010-eaac,1,committed,,,2026-09-06T12:53:38+00:00
queue,,experiments/v5/EXPERIMENT_QUEUE.csv,c55dc564d4f1579a3c22fbdfbc4b66bd562ff26e,89f64fb4f99e970a27a08907d6ab367f8c0e0f1c,exp/v5/innovation/v5-try-011-role-tripool,1,committed,,,2026-09-06T12:53:38+00:00
queue,,experiments/v5/EXPERIMENT_QUEUE.csv,f044ab60f6df3681045f6dca42dde5014dce5faa,78445575f37e2c3dac7176436722bb8f8a4e1b74,exp/v5/tune/v5-try-001-red-opf,1,committed,,,2026-09-06T12:53:38+00:00
queue,,experiments/v5/EXPERIMENT_QUEUE.csv,3c3ecd617614736e6c51a7335a93fa3dbc384d70,235e2c52224f9b93132a318632070bd9cb625b57,exp/v5/tune/v5-try-002-clean-svi,1,committed,,,2026-09-06T12:53:38+00:00
queue,,experiments/v5/EXPERIMENT_QUEUE.csv,7579b51b6bf46d2815e95231c525608a3715839e,ff7300d547911e8c5fe54c5fa2127b0620b4b4d4,exp/v6/diagnostic/v6-try-003-mbre,1,committed,,,2026-09-06T12:53:38+00:00
queue,,experiments/v5/EXPERIMENT_QUEUE.csv,3cb50722fa9071620dd137c8597d290c0e4b09d4,9720180b206a6d73089011c6b5df9f52e51b1e74,exp/v6/innovation/v6-try-001-role-tripool,6,committed,,,2026-09-06T12:53:38+00:00
queue,,experiments/v5/EXPERIMENT_QUEUE.csv,f12a88f0386efac728312e091cfd49efba812613,bed9a9cf028d7f2a1340b5215f0ef7293a9eb242,main,69,committed,,,2026-09-06T12:53:38+00:00
queue,,experiments/v6/EXPERIMENT_QUEUE.csv,9b299a546dd534e62889a6f2e9b8c0d7baf1efd5,ff7300d547911e8c5fe54c5fa2127b0620b4b4d4,exp/v6/diagnostic/v6-try-003-mbre,1,committed,,,2026-09-06T12:53:38+00:00
queue,,experiments/v6/EXPERIMENT_QUEUE.csv,addb27bcf15a2e02a233c44764810fa0004d681b,9720180b206a6d73089011c6b5df9f52e51b1e74,exp/v6/innovation/v6-try-001-role-tripool,1,committed,,,2026-09-06T12:53:38+00:00
queue,,experiments/v6/EXPERIMENT_QUEUE.csv,bf5beff1ab48f7b9b3ed41c71f1cf4f17c3de4a2,74392b4bcdd71534e6ac202a29bb7d80e0841e7e,exp/v6/innovation/v6-try-002-seav,1,committed,,,2026-09-06T12:53:38+00:00
queue,,experiments/v6/EXPERIMENT_QUEUE.csv,bdf128ad05b175c86ea7354c9ddc174b2e5fe1b8,eb7d958426818829f6200946f76c2d62d2884ca1,exp/v6/innovation/v6-try-003-svra,1,committed,,,2026-09-06T12:53:38+00:00
queue,,experiments/v6/EXPERIMENT_QUEUE.csv,5f46fd97ba34f012b42ac8324f5cbaae20023294,842fecc91bde1760d9fdb85cff3d3169e3558746,exp/v6/innovation/v6-try-004-joint-svra,1,committed,,,2026-09-06T12:53:38+00:00
queue,,experiments/v6/EXPERIMENT_QUEUE.csv,f0c1c3e3df4d8d043f916f5e2e811e1625f5c537,213dfa1428bbdfface042b48884a1928fce44b4e,exp/v6/innovation/v6-try-005-desc,1,committed,,,2026-09-06T12:53:38+00:00
queue,,experiments/v6/EXPERIMENT_QUEUE.csv,9320a405ed39892000b67fe22a813aa2fb3369fd,2f7837266f4077b3fb7e40927fc6571499a76747,exp/v6/innovation/v6-try-006-compiled-pclr,1,committed,,,2026-09-06T12:53:38+00:00
queue,,experiments/v6/EXPERIMENT_QUEUE.csv,ffce25e0b70c25b22e8caab29d2bd6b18326766a,b19474702ad54de20b49b0a175a78d6497c9be33,exp/v6/innovation/v6-try-006-crc,1,committed,,,2026-09-06T12:53:38+00:00
queue,,experiments/v6/EXPERIMENT_QUEUE.csv,1aefa40a0c2ed474a870a69eb3996ca9ebbb902a,55bdee3fe3cafccd2982dd86407207783bb9ec15,exp/v6/innovation/v6-try-007-e2e-crc,1,committed,,,2026-09-06T12:53:38+00:00
queue,,experiments/v6/EXPERIMENT_QUEUE.csv,7edb8daf344212edf9472adf297dfbe4e8790005,2ce77006aab12150af053eea609a3587cbadacbb,exp/v6/innovation/v6-try-008-rgra,1,committed,,,2026-09-06T12:53:38+00:00
queue,,experiments/v6/EXPERIMENT_QUEUE.csv,0e8cb3ca4759a18a8801fc8630e3cdf290ec9536,805a5da3a0ce8e40e27b48fbc7c99fedfbf8800e,exp/v6/innovation/v6-try-009-arra,1,committed,,,2026-09-06T12:53:38+00:00
queue,,experiments/v6/EXPERIMENT_QUEUE.csv,251e456e3c824ceb3716c5d1f305002fcff071e9,9a7019c441d242a8cb84eaba4175defdccdeec15,exp/v6/innovation/v6-try-010-ctpm,1,committed,,,2026-09-06T12:53:38+00:00
queue,,experiments/v6/EXPERIMENT_QUEUE.csv,5b6405abafad57383c1146b1e37c470b61435268,9341fa4fbf645b093eeaf5415ad4167656f2197c,exp/v6/innovation/v6-try-010-r1-brpl,1,committed,,,2026-09-06T12:53:38+00:00
queue,,experiments/v6/EXPERIMENT_QUEUE.csv,d27a5b9f8f6671d77e4592c84c578687d0217cc6,2a467d66dc4617771e7d828c59efd4c1965b28b8,exp/v6/innovation/v6-try-010-r2-dial,1,committed,,,2026-09-06T12:53:38+00:00
queue,,experiments/v6/EXPERIMENT_QUEUE.csv,ac99851ca9080734b20166d79d50de1a2dc4fc72,fbb7776c50fa5634a8b68bde57c9f03894e313b6,exp/v6/innovation/v6-try-010-r3-prototype-interaction,1,committed,,,2026-09-06T12:53:38+00:00
queue,,experiments/v6/EXPERIMENT_QUEUE.csv,7610aa86d6b571f20492e2eb2d902f9917b6df53,bed9a9cf028d7f2a1340b5215f0ef7293a9eb242,main,40,committed,,,2026-09-06T12:53:38+00:00
queue,,experiments/v7/EXPERIMENT_QUEUE.csv,c8f65474af2760cb37ea4b8ee4a53e9d4e086ca2,f037869a08429fb63941dc4f368fac175ce73da0,codex/v7-psr-occupancy-diagnostic,9,committed,,,2026-09-06T12:53:38+00:00
queue,,experiments/v7/EXPERIMENT_QUEUE.csv,284306683766b1fe99398596e61f5ef1fb4da348,ebb782a8cf54885ad31df21ff68c131dcaa1ed0d,exp/v7/ablation/ablation-002-seen-ce,2,committed,,,2026-09-06T12:53:38+00:00
queue,,experiments/v7/EXPERIMENT_QUEUE.csv,97dd2633fc2c86a1bd44875bb292c55b29ad1ecd,96f19979e1dd1016080295cb0d8225e1c3ec74ad,exp/v7/ablation/ablation-006-class-held-out-r,2,committed,,,2026-09-06T12:53:38+00:00
queue,,experiments/v7/EXPERIMENT_QUEUE.csv,0c0b9cdd0c60765e28738064c61832188ede1c07,3edc5aba6391833f29345da6f341f9ad84729203,exp/v7/confirmation/confirmation-001-multidataset,1,committed,,,2026-09-06T12:53:38+00:00
queue,,experiments/v7/EXPERIMENT_QUEUE.csv,08555baf711dfb58c0cec896caad012908d54d7d,d3132409f42126ca203fcb4f1bf47c6ec0ea2675,exp/v7/innovation/innovation-001-pcrs-v2,1,committed,,,2026-09-06T12:53:38+00:00
queue,,experiments/v7/EXPERIMENT_QUEUE.csv,044243b091cd68cfc7bad9993eeb670cd3021b2e,264cbd56e1d8c4cfa53719fc98d7cc51190d1422,exp/v7/tune/tune-001-awa2-parent-guard,1,committed,,,2026-09-06T12:53:38+00:00
queue,,experiments/v7/EXPERIMENT_QUEUE.csv,69114d12e70f8c243c7037ca6881abf64d44a103,7ac551a5071a3d831e713b0a9478c91d9feccd04,exp/v7/tune/tune-002-awa2-neutral-init,1,committed,,,2026-09-06T12:53:38+00:00
queue,,experiments/v7/EXPERIMENT_QUEUE.csv,24c36c68b7d9c167a7bc75a846c6192ada92a9ac,1e3a33501ba741de38d10effcf8a58415faf99cb,exp/v7/tune/tune-003-soft-utility-gate,1,committed,,,2026-09-06T12:53:38+00:00
queue,,experiments/v7/EXPERIMENT_QUEUE.csv,2dc97f1670aac0ad7f2d4846a398bc713960ddcc,e8a4946749e4390afb06b33ab46786143a212c62,exp/v7/tune/tune-004-bilevel-transfer,1,committed,,,2026-09-06T12:53:38+00:00
queue,,experiments/v7/EXPERIMENT_QUEUE.csv,3904c9a2bb6a7e75c2c22433e87823666bc30caa,bd00ee717a0de05fecd8664ac14de8d6e6e6eba9,exp/v7/tune/tune-005-bilevel-soft-gate,1,committed,,,2026-09-06T12:53:38+00:00
queue,,experiments/v7/EXPERIMENT_QUEUE.csv,5eb54c460e2230afd9542a26cbbc184d85e70239,e1ceca41f8346baf4dbd78b9700ec8355b1a38d6,exp/v7/tune/tune-006-full-bilevel,1,committed,,,2026-09-06T12:53:38+00:00
queue,,experiments/v7/EXPERIMENT_QUEUE.csv,ddf1c01b354a0bc9c71bdf72bcdf1e444c974e3d,144b7c31cfbd486bcb4a844983c48698d41a6c3e,exp/v7/tune/tune-007-unified-role-relations,1,committed,,,2026-09-06T12:53:38+00:00
queue,,experiments/v7/EXPERIMENT_QUEUE.csv,8df98220b8a50cc009a57bc78ff5765f14a5d645,aedd6e921b0766d0c1e16754edbf2201efe3b785,exp/v7/tune/tune-008-one-text-simplification,1,committed,,,2026-09-06T12:53:38+00:00
queue,,experiments/v7/EXPERIMENT_QUEUE.csv,31aa5f354a3f0c2e9ab0396afebca5ff38245a0a,93457fe6637d879e414b3327ce04794ceae64adb,exp/v7/tune/tune-009-one-text-reader-probe,1,committed,,,2026-09-06T12:53:38+00:00
queue,,experiments/v7/EXPERIMENT_QUEUE.csv,6c99aaba8d834a45f0bcc62710bf81cbc9433a03,5df71878d79d3d21b4530fedd861e1386096605a,exp/v7/tune/tune-010-one-text-full-gate0,1,committed,,,2026-09-06T12:53:38+00:00
queue,,experiments/v7/EXPERIMENT_QUEUE.csv,b5cb766ba5d573b9581ba18d958063e08c108ff0,8fe7959a93b0c472d604815a6282b3924c60d014,exp/v7/tune/tune-011-one-text-reader-alpha,1,committed,,,2026-09-06T12:53:38+00:00
queue,,experiments/v7/EXPERIMENT_QUEUE.csv,b6fa3a96668e59f03436b111731fa3ff489405ef,15080b9fca55e004638e1ec87dd2644058890d83,exp/v7/tune/tune-012-one-text-e2e,1,committed,,,2026-09-06T12:53:38+00:00
queue,,experiments/v7/EXPERIMENT_QUEUE.csv,22405990f9d77d6ea78ebbc468b1f9e9057cb9f8,e10907d73ce81853783580d8497c06a50a18349b,exp/v7/tune/tune-013-one-text-seen-ce-clean,1,committed,,,2026-09-06T12:53:38+00:00
queue,,experiments/v7/EXPERIMENT_QUEUE.csv,d9a0b773c4a14f949031306646c5b833cd145779,b10b35c1005db402acee584f9e2de887102866df,exp/v7/tune/tune-015-relation-visual-operator,1,committed,,,2026-09-06T12:53:38+00:00
queue,,experiments/v7/EXPERIMENT_QUEUE.csv,f12a88f0386efac728312e091cfd49efba812613,bed9a9cf028d7f2a1340b5215f0ef7293a9eb242,main,11,committed,,,2026-09-06T12:53:38+00:00
result,,experiments/v1/confirmation/CONFIRM-001_v1_baseline/result.md,fc5d1f24522feb1ef261295c14a4e529a91f7ee7,bed9a9cf028d7f2a1340b5215f0ef7293a9eb242,main,327,committed,V1-CONFIRM-001 结果,,2026-09-06T12:53:38+00:00
result,,experiments/v2/ablation/ABLATION-001_final_chain/result.md,b1b682f4b6285ebdd736b1ff75a36b12c38f0905,bed9a9cf028d7f2a1340b5215f0ef7293a9eb242,main,296,committed,V2-ABLATION-001 结果,,2026-09-06T12:53:38+00:00
result,,experiments/v2/ablation/ABLATION-002_final_80_chain/result.md,667505f410a3a88b448358962da299724cb65c25,bed9a9cf028d7f2a1340b5215f0ef7293a9eb242,main,270,committed,V2-ABLATION-002 结果,,2026-09-06T12:53:38+00:00
result,,experiments/v2/ablation/ABLATION-003_multidataset_training_strategy/result.md,1ed0029db71c7a2d9c9f82eca9b084be54eafade,bed9a9cf028d7f2a1340b5215f0ef7293a9eb242,main,165,committed,V2-ABLATION-003 结果,,2026-09-06T12:53:38+00:00
result,,experiments/v2/ablation/ABLATION-004_text_v2_training_strategy/result.md,5098a62ef0e1d0c17c14bca6da13fe1a29aa6a7d,bed9a9cf028d7f2a1340b5215f0ef7293a9eb242,main,165,committed,V2-ABLATION-004 结果,,2026-09-06T12:53:38+00:00
result,,experiments/v2/confirmation/CONFIRM-001_v2_baseline/result.md,790f21e96063294dda66c3c2ffa09e24da414835,bed9a9cf028d7f2a1340b5215f0ef7293a9eb242,main,321,committed,V2-CONFIRM-001 结果,,2026-09-06T12:53:38+00:00
result,,experiments/v2/confirmation/CONFIRM-002_unified_seen_training/result.md,2a6ea81e62a3c9085f39a880c4809f90067445c4,bed9a9cf028d7f2a1340b5215f0ef7293a9eb242,main,266,committed,V2-CONFIRM-002 结果,,2026-09-06T12:53:38+00:00
result,,experiments/v2/confirmation/CONFIRM-003_standard_clip_final/result.md,284e09d104ebf8799d5246298eefea968e9b4e27,bed9a9cf028d7f2a1340b5215f0ef7293a9eb242,main,264,committed,V2-CONFIRM-003 结果,,2026-09-06T12:53:38+00:00
result,,experiments/v2/confirmation/CONFIRM-004_chen_style_end_to_end/result.md,8addcd2b808e8b156663c30dcb79c749abf994ae,bed9a9cf028d7f2a1340b5215f0ef7293a9eb242,main,263,committed,V2-CONFIRM-004 结果,,2026-09-06T12:53:38+00:00
result,,experiments/v2/confirmation/CONFIRM-005_chen_style_stagewise/result.md,c9c0150359c5702f51a623d1d61d927d88c1505b,bed9a9cf028d7f2a1340b5215f0ef7293a9eb242,main,262,committed,V2-CONFIRM-005 结果,,2026-09-06T12:53:38+00:00
result,,experiments/v2/confirmation/CONFIRM-006_chen_stagewise_pseudo_unseen/result.md,80fd291264638440bdcb3a35e0a679bbf2af5fb6,bed9a9cf028d7f2a1340b5215f0ef7293a9eb242,main,262,committed,V2-CONFIRM-006 结果,,2026-09-06T12:53:38+00:00
result,,experiments/v2/confirmation/CONFIRM-007_chen_class_exclusive/result.md,668943eb41ef3010228841804211e6201bb6789d,bed9a9cf028d7f2a1340b5215f0ef7293a9eb242,main,262,committed,V2-CONFIRM-007 结果,,2026-09-06T12:53:38+00:00
result,,experiments/v2/confirmation/CONFIRM-008_threefold_frozen_final/result.md,4cf128877ea353f42401d845801a143d4dcc40c0,bed9a9cf028d7f2a1340b5215f0ef7293a9eb242,main,166,committed,V2-CONFIRM-008 结果,,2026-09-06T12:53:38+00:00
result,,experiments/v2/confirmation/CONFIRM-009_multidataset_traceable_baselines/result.md,b86a47450372fce9a65545bde5c4be588b7aa727,bed9a9cf028d7f2a1340b5215f0ef7293a9eb242,main,165,committed,V2-CONFIRM-009 结果,,2026-09-06T12:53:38+00:00
result,,experiments/v2/confirmation/CONFIRM-010_text_v2_recovery/result.md,f8f9d85155e6e711725d97891975c2ac5f9525ad,bed9a9cf028d7f2a1340b5215f0ef7293a9eb242,main,165,committed,V2-CONFIRM-010 结果,,2026-09-06T12:53:38+00:00
result,,experiments/v2/confirmation/CONFIRM-011_rgve_formal/result.md,97b30f30f90495abe1f330b1de32203ff0889b4a,bed9a9cf028d7f2a1340b5215f0ef7293a9eb242,main,165,committed,V2-CONFIRM-011 结果,,2026-09-06T12:53:38+00:00
result,,experiments/v2/confirmation/CONFIRM-012_canonical_class_names/result.md,fb176b9f2459ada78eef8cdf2513563813a2883c,bed9a9cf028d7f2a1340b5215f0ef7293a9eb242,main,165,committed,V2-CONFIRM-012 结果,,2026-09-06T12:53:38+00:00
result,,experiments/v2/evidence/legacy_h1/ablation_014/result.md,17c4777fcb1dfeef43a73f6bc79b1ed4f9b9e5ce,bed9a9cf028d7f2a1340b5215f0ef7293a9eb242,main,319,committed,V5-ABLATION-014 结果,,2026-09-06T12:53:38+00:00
result,,experiments/v2/evidence/legacy_h1/innovation_024/result.md,95bcfca9ffe86b3af9ce8d200c43fe9f9940ff81,bed9a9cf028d7f2a1340b5215f0ef7293a9eb242,main,319,committed,V5-INNOVATION-024 结果,,2026-09-06T12:53:38+00:00
result,,experiments/v2/evidence/legacy_h1/tune_005/result.md,73475a06e5c8288dfe5dbce7cc82803f5207c561,bed9a9cf028d7f2a1340b5215f0ef7293a9eb242,main,319,committed,V5-TUNE-005 结果,,2026-09-06T12:53:38+00:00
result,,experiments/v2/evidence/legacy_h1/tune_006/result.md,27323f076a3709f1031a1505173d554e7ab98ca0,bed9a9cf028d7f2a1340b5215f0ef7293a9eb242,main,319,committed,V5-TUNE-006 最终结果,,2026-09-06T12:53:38+00:00
result,,experiments/v2/innovation/INNOVATION-001_conservative_unseen_transfer/result.md,104bcdefa55ca35cd8379c83ff57439f216f877c,547bbdea8d10eb8049936173193b877a74fbb9bf,codex/v2-unseen-transfer-multiseed,1,committed,V2-INNOVATION-001 结果,,2026-09-06T12:53:38+00:00
result,,experiments/v2/innovation/INNOVATION-001_conservative_unseen_transfer/result.md,c4e28666a69c86082affdbb1279b36bd4161d1a9,bed9a9cf028d7f2a1340b5215f0ef7293a9eb242,main,313,committed,V2-INNOVATION-001 结果,,2026-09-06T12:53:38+00:00
result,,experiments/v2/innovation/INNOVATION-002_tangent_semantic_transport/result.md,1137d5c0714fc2253fa50f1c11d4908f37dfa95b,bed9a9cf028d7f2a1340b5215f0ef7293a9eb242,main,310,committed,V2-INNOVATION-002 结果,,2026-09-06T12:53:38+00:00
result,,experiments/v2/innovation/INNOVATION-003_class_conditioned_geometric_generator/result.md,e22d7b441649c83247b84e9f156173e7ac32532a,bed9a9cf028d7f2a1340b5215f0ef7293a9eb242,main,296,committed,V2-INNOVATION-003 结果,,2026-09-06T12:53:38+00:00
result,,experiments/v2/innovation/INNOVATION-004_attribute_residual_alignment/result.md,86390b90630e2cec8a2c59041938ea6cf5f9684b,f8c8085c4a11a5824103cf1f4576edfbafbae282,codex/ara,1,committed,V2-INNOVATION-004 结果,,2026-09-06T12:53:38+00:00
result,,experiments/v2/innovation/INNOVATION-004_attribute_residual_alignment/result.md,5ff3149b326685066519001f3507e07bc991aa65,bed9a9cf028d7f2a1340b5215f0ef7293a9eb242,main,283,committed,V2-INNOVATION-004 结果,,2026-09-06T12:53:38+00:00
result,,experiments/v2/innovation/INNOVATION-005_centroid_ridge_alignment/result.md,07762b17e11ac71246972046f86fcd9328bc608d,d06f501f2577fdff07f4b469a21cd5a9ee7777de,codex/ccra,1,committed,V2-INNOVATION-005 结果,,2026-09-06T12:53:38+00:00
result,,experiments/v2/innovation/INNOVATION-005_centroid_ridge_alignment/result.md,ff8222c9ce28023ee684372560355536f02bcbc5,6804c9c046c9487b006f585257119014baa88d0a,codex/cra,1,committed,V2-INNOVATION-005 结果,,2026-09-06T12:53:38+00:00
result,,experiments/v2/innovation/INNOVATION-005_centroid_ridge_alignment/result.md,1a6ffebb7620eca45b839db0dc4f45c25e2c9a69,bed9a9cf028d7f2a1340b5215f0ef7293a9eb242,main,278,committed,V2-INNOVATION-005 结果,,2026-09-06T12:53:38+00:00
result,,experiments/v2/innovation/INNOVATION-006_episodic_bias_calibration/result.md,8aa276df7ff8f4753c42563fbbd0d2e8d2ad73a5,bed9a9cf028d7f2a1340b5215f0ef7293a9eb242,main,276,committed,V2-INNOVATION-006 结果,,2026-09-06T12:53:38+00:00
result,,experiments/v2/innovation/INNOVATION-007_visual_prototype_bias_composition/result.md,0ee99143f1e20273e5032737851a5d56cdccaae1,bed9a9cf028d7f2a1340b5215f0ef7293a9eb242,main,274,committed,V2-INNOVATION-007 结果,,2026-09-06T12:53:38+00:00
result,,experiments/v2/innovation/INNOVATION-008_joint_bidirectional_episodic_calibration/result.md,6c7ca8a596cc6e09e98a300cf0aab1bd3b69407c,bed9a9cf028d7f2a1340b5215f0ef7293a9eb242,main,273,committed,V2-INNOVATION-008 结果,,2026-09-06T12:53:38+00:00
result,,experiments/v2/innovation/INNOVATION-009_class_name_residual_alignment/result.md,b2e2a1072d47f3a1a79a33b08bbd35ff3645bb1f,bed9a9cf028d7f2a1340b5215f0ef7293a9eb242,main,270,committed,V2-INNOVATION-009 结果,,2026-09-06T12:53:38+00:00
result,,experiments/v2/innovation/INNOVATION-010_sccc/result.md,fc56e43cef6c0e4ff98def1bc5b8da5f6261be34,bed9a9cf028d7f2a1340b5215f0ef7293a9eb242,main,262,committed,V2-INNOVATION-010 结果,,2026-09-06T12:53:38+00:00
result,,experiments/v2/innovation/INNOVATION-011_ncra/result.md,2813fd21b34dcbb4fa4ed51ea0dcecda694f7e1e,bed9a9cf028d7f2a1340b5215f0ef7293a9eb242,main,262,committed,V2-INNOVATION-011 结果,,2026-09-06T12:53:38+00:00
result,,experiments/v2/innovation/INNOVATION-012_sdrs/result.md,14feab77f3ab34225474c5e38e92593a6756c021,bed9a9cf028d7f2a1340b5215f0ef7293a9eb242,main,261,committed,V2-INNOVATION-012 结果,,2026-09-06T12:53:38+00:00
result,,experiments/v2/innovation/INNOVATION-013_sebc/result.md,0b8376922fb6ace4d8f09f0531437cd1af00b574,bed9a9cf028d7f2a1340b5215f0ef7293a9eb242,main,260,committed,V2-INNOVATION-013 结果,,2026-09-06T12:53:38+00:00
result,,experiments/v2/innovation/INNOVATION-014_lpsr/result.md,67bbdae570856b0788eeac55b33d7923f3d78a9f,bed9a9cf028d7f2a1340b5215f0ef7293a9eb242,main,259,committed,V2-INNOVATION-014 结果,,2026-09-06T12:53:38+00:00
result,,experiments/v2/innovation/INNOVATION-015_ccpe/result.md,4aea58a0dc72fe98dca45f30499d786c4d9dd458,bed9a9cf028d7f2a1340b5215f0ef7293a9eb242,main,258,committed,V2-INNOVATION-015 结果,,2026-09-06T12:53:38+00:00
result,,experiments/v2/innovation/INNOVATION-016_scpe/result.md,753107b8e056962467cdcb31a2c0d9b5c38bcd02,bed9a9cf028d7f2a1340b5215f0ef7293a9eb242,main,257,committed,V2-INNOVATION-016 结果,,2026-09-06T12:53:38+00:00
result,,experiments/v2/innovation/INNOVATION-017_mppe/result.md,f31c2ac5c3aabfe299fa91a614d2440b1d8ff9cb,bed9a9cf028d7f2a1340b5215f0ef7293a9eb242,main,256,committed,V2-INNOVATION-017 结果,,2026-09-06T12:53:38+00:00
result,,experiments/v2/innovation/INNOVATION-018_cnpe/result.md,ea1014fac67a7953cbdccf14e6e7acc8d428a315,bed9a9cf028d7f2a1340b5215f0ef7293a9eb242,main,255,committed,V2-INNOVATION-018 结果,,2026-09-06T12:53:38+00:00
result,,experiments/v2/innovation/INNOVATION-019_dspe/result.md,89c93ea1bdda2a726e84c0b3f1becbcd6c3f820f,bed9a9cf028d7f2a1340b5215f0ef7293a9eb242,main,254,committed,V2-INNOVATION-019 结果,,2026-09-06T12:53:38+00:00
result,,experiments/v2/innovation/INNOVATION-020_pcme/result.md,450e046dbed37609237544f50f9b81d50eea5775,bed9a9cf028d7f2a1340b5215f0ef7293a9eb242,main,253,committed,V2-INNOVATION-020 结果,,2026-09-06T12:53:38+00:00
result,,experiments/v2/innovation/INNOVATION-021_ecpe/result.md,8499475e22d75d4a7656d84e9fdc2c0232680788,bed9a9cf028d7f2a1340b5215f0ef7293a9eb242,main,252,committed,V2-INNOVATION-021 结果,,2026-09-06T12:53:38+00:00
result,,experiments/v2/innovation/INNOVATION-022_crpe/result.md,6a899a3df0eb501a87e9948de9145021e4e3fbfb,bed9a9cf028d7f2a1340b5215f0ef7293a9eb242,main,251,committed,V2-INNOVATION-022 结果,,2026-09-06T12:53:38+00:00
result,,experiments/v2/innovation/INNOVATION-023_lvpg/result.md,f6b11509f7d82527b1851a73d9fcfb4da28afd13,bed9a9cf028d7f2a1340b5215f0ef7293a9eb242,main,250,committed,V2-INNOVATION-023 结果,,2026-09-06T12:53:38+00:00
result,,experiments/v2/innovation/INNOVATION-024_clre/result.md,fcd4e2288415a595cd56f59f99581046174e7412,bed9a9cf028d7f2a1340b5215f0ef7293a9eb242,main,249,committed,V2-INNOVATION-024 结果,,2026-09-06T12:53:38+00:00
result,,experiments/v2/innovation/INNOVATION-025_clec/result.md,76f6fa30cbb13c39a71b7371bd1e07b141935b1e,bed9a9cf028d7f2a1340b5215f0ef7293a9eb242,main,248,committed,V2-INNOVATION-025 结果,,2026-09-06T12:53:38+00:00
result,,experiments/v2/innovation/INNOVATION-026_mlre/result.md,be6c28bdd830f51b30db579fa27ffbf04edbd08e,bed9a9cf028d7f2a1340b5215f0ef7293a9eb242,main,247,committed,V2-INNOVATION-026 结果,,2026-09-06T12:53:38+00:00
result,,experiments/v2/innovation/INNOVATION-027_aclm/result.md,23268aed331ad2ac66db48899b6775d662240cfa,bed9a9cf028d7f2a1340b5215f0ef7293a9eb242,main,246,committed,V2-INNOVATION-027 结果,,2026-09-06T12:53:38+00:00
result,,experiments/v2/innovation/INNOVATION-028_cacm/result.md,0630b29480b79cc06103ab3475ffae23b511a9dc,bed9a9cf028d7f2a1340b5215f0ef7293a9eb242,main,245,committed,V2-INNOVATION-028 结果,,2026-09-06T12:53:38+00:00
result,,experiments/v2/innovation/INNOVATION-029_oclr/result.md,ac30d6ba22b9bf007640313bfc14d515dc7935bb,c1b4f164abb6a230099c9dde51ac2d942eba16a2,exp/v2/innovation/innovation-029_oclr,3,committed,V2-INNOVATION-029 结果,,2026-09-06T12:53:38+00:00
result,,experiments/v2/innovation/INNOVATION-029_oclr/result.md,b318f5259860d5659fb332883b7d72b235dc7ba3,bed9a9cf028d7f2a1340b5215f0ef7293a9eb242,main,241,committed,V2-INNOVATION-029 结果,,2026-09-06T12:53:38+00:00
result,,experiments/v2/innovation/INNOVATION-030_oglc/result.md,a79686c68c9fee412a1845f43398e0c2da0960d7,bed9a9cf028d7f2a1340b5215f0ef7293a9eb242,main,243,committed,V2-INNOVATION-030 结果,,2026-09-06T12:53:38+00:00
result,,experiments/v2/innovation/INNOVATION-031_omlr/result.md,f2f6db21fc7000bc9da343a6b389c29d42d5c9b5,bed9a9cf028d7f2a1340b5215f0ef7293a9eb242,main,242,committed,V2-INNOVATION-031 结果,,2026-09-06T12:53:38+00:00
result,,experiments/v2/innovation/INNOVATION-032_bocr/result.md,1a54dac59e577c75194c45b7ac085fa6c7f5ca7b,bed9a9cf028d7f2a1340b5215f0ef7293a9eb242,main,240,committed,V2-INNOVATION-032 结果,,2026-09-06T12:53:38+00:00
result,,experiments/v2/innovation/INNOVATION-033_pbor/result.md,679e580b1a383ae71cbd83247aa025a3b63739d8,bed9a9cf028d7f2a1340b5215f0ef7293a9eb242,main,239,committed,V2-INNOVATION-033 结果,,2026-09-06T12:53:38+00:00
result,,experiments/v2/innovation/INNOVATION-034_orer/result.md,9ee059aeae8c9019d11f5e0a57dbab51b47844f1,bed9a9cf028d7f2a1340b5215f0ef7293a9eb242,main,238,committed,V2-INNOVATION-034 结果,,2026-09-06T12:53:38+00:00
result,,experiments/v2/innovation/INNOVATION-035_ormr/result.md,ddcbdb6bb8a7f49aed2fa11d1ee268cf13b5bbc9,bed9a9cf028d7f2a1340b5215f0ef7293a9eb242,main,237,committed,V2-INNOVATION-035 结果,,2026-09-06T12:53:38+00:00
result,,experiments/v2/innovation/INNOVATION-036_oesr/result.md,26d18aaa84286cbb5c970c4311b6daf0b0c8e4e1,bed9a9cf028d7f2a1340b5215f0ef7293a9eb242,main,236,committed,V2-INNOVATION-036 结果,,2026-09-06T12:53:38+00:00
result,,experiments/v2/innovation/INNOVATION-037_aosr/result.md,5892acd108073fbb05b78611dbeaadf2b74e028a,bed9a9cf028d7f2a1340b5215f0ef7293a9eb242,main,235,committed,V2-INNOVATION-037 结果,,2026-09-06T12:53:38+00:00
result,,experiments/v2/innovation/INNOVATION-038_casr/result.md,170f142db1b2c4da2a7ece57ffa049ceb42bebb4,bed9a9cf028d7f2a1340b5215f0ef7293a9eb242,main,234,committed,V2-INNOVATION-038 结果,,2026-09-06T12:53:38+00:00
result,,experiments/v2/innovation/INNOVATION-039_ccsr/result.md,aa51ed6d105fe5398e8453b2aba97aef34ee2cee,bed9a9cf028d7f2a1340b5215f0ef7293a9eb242,main,233,committed,V2-INNOVATION-039 结果,,2026-09-06T12:53:38+00:00
result,,experiments/v2/innovation/INNOVATION-040_icsr/result.md,0a1fdd611659107dd0434695542563696861cc69,bed9a9cf028d7f2a1340b5215f0ef7293a9eb242,main,232,committed,V2-INNOVATION-040 结果,,2026-09-06T12:53:38+00:00
result,,experiments/v2/innovation/INNOVATION-041_sdcr/result.md,a9f9c9e46338f886591b0ebf9f1c89885749250b,bed9a9cf028d7f2a1340b5215f0ef7293a9eb242,main,231,committed,V2-INNOVATION-041 结果,,2026-09-06T12:53:38+00:00
result,,experiments/v2/innovation/INNOVATION-042_sdcc/result.md,f5d8538836a5ab197075e34aa635a4557e08b370,bed9a9cf028d7f2a1340b5215f0ef7293a9eb242,main,230,committed,V2-INNOVATION-042 结果,,2026-09-06T12:53:38+00:00
result,,experiments/v2/innovation/INNOVATION-043_wsdr/result.md,7dfccf5405dcf33688f1c3d1e3f2e0b9107284af,bed9a9cf028d7f2a1340b5215f0ef7293a9eb242,main,229,committed,V2-INNOVATION-043 结果,,2026-09-06T12:53:38+00:00
result,,experiments/v2/innovation/INNOVATION-044_iadr/result.md,9f0f55db95f472183a97d739ae4d6f86bc646da6,bed9a9cf028d7f2a1340b5215f0ef7293a9eb242,main,228,committed,V2-INNOVATION-044 结果,,2026-09-06T12:53:38+00:00
result,,experiments/v2/innovation/INNOVATION-045_mgsr/result.md,34059f3551fcd84dc35589198004a58a81dff8c2,bed9a9cf028d7f2a1340b5215f0ef7293a9eb242,main,227,committed,V2-INNOVATION-045 结果,,2026-09-06T12:53:38+00:00
result,,experiments/v2/innovation/INNOVATION-046_rmgsr/result.md,581a97604d91741775b60a9e22653155e6108393,bed9a9cf028d7f2a1340b5215f0ef7293a9eb242,main,226,committed,V2-INNOVATION-046 结果,,2026-09-06T12:53:38+00:00
result,,experiments/v2/innovation/INNOVATION-047_ncsr/result.md,6aa9b7fe2d5edb113cd135e1e68ca22eabd083ff,bed9a9cf028d7f2a1340b5215f0ef7293a9eb242,main,225,committed,V2-INNOVATION-047 结果,,2026-09-06T12:53:38+00:00
result,,experiments/v2/innovation/INNOVATION-048_rsdm/result.md,a9fd84efbed6f9677b000765c52da3e33d387fbc,bed9a9cf028d7f2a1340b5215f0ef7293a9eb242,main,224,committed,V2-INNOVATION-048 结果,,2026-09-06T12:53:38+00:00
result,,experiments/v2/innovation/INNOVATION-049_fsdm/result.md,af7728956093b6e0cf73fa9feccfe75ad7133a50,bed9a9cf028d7f2a1340b5215f0ef7293a9eb242,main,223,committed,V2-INNOVATION-049 结果,,2026-09-06T12:53:38+00:00
result,,experiments/v2/innovation/INNOVATION-050_jscf/result.md,7e50e364a71be94706df9e33a2895ea7ca47757b,bed9a9cf028d7f2a1340b5215f0ef7293a9eb242,main,222,committed,V2-INNOVATION-050 结果,,2026-09-06T12:53:38+00:00
result,,experiments/v2/innovation/INNOVATION-051_clcr/result.md,a681d6c390f1c53de2a42d67d2f1d691e5364746,bed9a9cf028d7f2a1340b5215f0ef7293a9eb242,main,221,committed,V2-INNOVATION-051 结果,,2026-09-06T12:53:38+00:00
result,,experiments/v2/innovation/INNOVATION-052_spcr/result.md,8c8579fa9f6b55e0aaee7dac1572a7a880719ee1,bed9a9cf028d7f2a1340b5215f0ef7293a9eb242,main,220,committed,V2-INNOVATION-052 结果,,2026-09-06T12:53:38+00:00
result,,experiments/v2/innovation/INNOVATION-053_pgsd/result.md,fa3d06a9802b8ed846418cfb357a842e862c24ec,bed9a9cf028d7f2a1340b5215f0ef7293a9eb242,main,219,committed,V2-INNOVATION-053 结果,,2026-09-06T12:53:38+00:00
result,,experiments/v2/innovation/INNOVATION-054_cpgsd/result.md,fc4a795918443f38c6b582c08061cba9d5c869eb,bed9a9cf028d7f2a1340b5215f0ef7293a9eb242,main,218,committed,V2-INNOVATION-054 结果,,2026-09-06T12:53:38+00:00
result,,experiments/v2/innovation/INNOVATION-055_tigr/result.md,5753bcdd1f8a8ab0cdd97123349c5d8a1b756789,bed9a9cf028d7f2a1340b5215f0ef7293a9eb242,main,216,committed,V2-INNOVATION-055 结果,,2026-09-06T12:53:38+00:00
result,,experiments/v2/innovation/INNOVATION-056_twls/result.md,94b0b2548dd4145718d0c48fae25cebe6a1290a8,bed9a9cf028d7f2a1340b5215f0ef7293a9eb242,main,215,committed,V2-INNOVATION-056 结果,,2026-09-06T12:53:38+00:00
result,,experiments/v2/innovation/INNOVATION-057_tpld/result.md,aa3dd672c5453d1b94ed3915f7e26a9355b437c6,bed9a9cf028d7f2a1340b5215f0ef7293a9eb242,main,214,committed,V2-INNOVATION-057 结果,,2026-09-06T12:53:38+00:00
result,,experiments/v2/innovation/INNOVATION-058_agct/result.md,5533d600de94ebb7857fa1bd20113a975e6bb830,1a7294ab515970cc20f6a4aeef2530cf6dc2a1ad,exp/v2/innovation/innovation-058-agct,2,committed,V2-INNOVATION-058 结果,,2026-09-06T12:53:38+00:00
result,,experiments/v2/innovation/INNOVATION-058_agct/result.md,d879968cf9cb17a7afa996281a193a4d18a62fbb,bed9a9cf028d7f2a1340b5215f0ef7293a9eb242,main,211,committed,V2-INNOVATION-058 结果,,2026-09-06T12:53:38+00:00
result,,experiments/v2/innovation/INNOVATION-059_cctb/result.md,91091b087a590bc7e3804efafbaa108c6ccc8495,bed9a9cf028d7f2a1340b5215f0ef7293a9eb242,main,212,committed,V2-INNOVATION-059 结果,,2026-09-06T12:53:38+00:00
result,,experiments/v2/innovation/INNOVATION-060_magt/result.md,5481049ded059e582737911a5be73d7c23fd2b1c,bed9a9cf028d7f2a1340b5215f0ef7293a9eb242,main,210,committed,V2-INNOVATION-060 结果,,2026-09-06T12:53:38+00:00
result,,experiments/v2/innovation/INNOVATION-061_agpt/result.md,d4f6328b3fe576b532b0d411bae9ba9adc541202,bed9a9cf028d7f2a1340b5215f0ef7293a9eb242,main,209,committed,V2-INNOVATION-061 结果,,2026-09-06T12:53:38+00:00
result,,experiments/v2/innovation/INNOVATION-062_gpes/result.md,5ef326990dbf4a052b3c13d17dbb8674e4b5fef4,bed9a9cf028d7f2a1340b5215f0ef7293a9eb242,main,207,committed,V2-INNOVATION-062 结果,,2026-09-06T12:53:38+00:00
result,,experiments/v2/innovation/INNOVATION-063_gwps/result.md,64b3c10f643973e286aa96d6590661769485422f,bed9a9cf028d7f2a1340b5215f0ef7293a9eb242,main,206,committed,V2-INNOVATION-063 结果,,2026-09-06T12:53:38+00:00
result,,experiments/v2/innovation/INNOVATION-064_bgwps/result.md,d1d7893a4aedd8a07a1b25c3e9eb9151b19dbfde,bed9a9cf028d7f2a1340b5215f0ef7293a9eb242,main,205,committed,V2-INNOVATION-064 结果,,2026-09-06T12:53:38+00:00
result,,experiments/v2/innovation/INNOVATION-065_mbgwps/result.md,64001966e86296ad23ef56186dc695bc51ae1ed0,bed9a9cf028d7f2a1340b5215f0ef7293a9eb242,main,204,committed,V2-INNOVATION-065 结果,,2026-09-06T12:53:38+00:00
result,,experiments/v2/innovation/INNOVATION-066_egpes/result.md,5916c05dac77ec33d95c955487af7218b6bf085a,bed9a9cf028d7f2a1340b5215f0ef7293a9eb242,main,203,committed,V2-INNOVATION-066 结果,,2026-09-06T12:53:38+00:00
result,,experiments/v2/innovation/INNOVATION-067_nps/result.md,5ed2a29371908d59853ee585c090047442d8b1d8,bed9a9cf028d7f2a1340b5215f0ef7293a9eb242,main,202,committed,V2-INNOVATION-067 结果,,2026-09-06T12:53:38+00:00
result,,experiments/v2/innovation/INNOVATION-068_tgwps/result.md,8502b75ee266d648425a8bd473ba56977886903f,35e61afe17eec36403917139fb1dec964959ff8f,exp/v2/innovation/innovation-067_nps,1,committed,V2-INNOVATION-068 结果,,2026-09-06T12:53:38+00:00
result,,experiments/v2/innovation/INNOVATION-068_tgwps/result.md,b2994da13b4cb93f6fad4e4aaaa21c4a194c8cd4,bed9a9cf028d7f2a1340b5215f0ef7293a9eb242,main,201,committed,V2-INNOVATION-068 结果,,2026-09-06T12:53:38+00:00
result,,experiments/v2/innovation/INNOVATION-069_sgwps/result.md,1552423ece3aa50adf349360a9ee504f85332ce8,bed9a9cf028d7f2a1340b5215f0ef7293a9eb242,main,200,committed,V2-INNOVATION-069 结果,,2026-09-06T12:53:38+00:00
result,,experiments/v2/innovation/INNOVATION-070_rgwps/result.md,86a7d07a9eff36760dc4b5eb9371b82b91a440dd,bed9a9cf028d7f2a1340b5215f0ef7293a9eb242,main,199,committed,V2-INNOVATION-070 结果,,2026-09-06T12:53:38+00:00
result,,experiments/v2/innovation/INNOVATION-071_crgwps/result.md,46534dcdfe4718a61a5400a51e1ab1bb10262d54,bed9a9cf028d7f2a1340b5215f0ef7293a9eb242,main,198,committed,V2-INNOVATION-071 结果,,2026-09-06T12:53:38+00:00
result,,experiments/v2/innovation/INNOVATION-072_snps/result.md,0efa712322c6ca9ac9e00abb3db59ed71fe7b5d4,2e78bae9b101761b2c0ad7854bc54d6ec13c6983,exp/v2/innovation/innovation-072-snps,2,committed,V2-INNOVATION-072 结果,,2026-09-06T12:53:38+00:00
result,,experiments/v2/innovation/INNOVATION-072_snps/result.md,d9dfce83e68db1f6f83b0df693ff338dd23c624f,bed9a9cf028d7f2a1340b5215f0ef7293a9eb242,main,195,committed,V2-INNOVATION-072 结果,,2026-09-06T12:53:38+00:00
result,,experiments/v2/innovation/INNOVATION-073_msnps/result.md,8de8b5720ef13f86d679f608eb7ec9afb8f43ba9,bed9a9cf028d7f2a1340b5215f0ef7293a9eb242,main,196,committed,V2-INNOVATION-073 结果,,2026-09-06T12:53:38+00:00
result,,experiments/v2/innovation/INNOVATION-074_rsnps/result.md,608800e2fd659d78e4e734af3e5dce9918f4f0eb,bed9a9cf028d7f2a1340b5215f0ef7293a9eb242,main,194,committed,V2-INNOVATION-074 结果,,2026-09-06T12:53:38+00:00
result,,experiments/v2/innovation/INNOVATION-075_tcps/result.md,99d17462a22193bc7b49c446f6a35ff7413a5748,bed9a9cf028d7f2a1340b5215f0ef7293a9eb242,main,193,committed,V2-INNOVATION-075 结果,,2026-09-06T12:53:38+00:00
result,,experiments/v2/innovation/INNOVATION-076_pdrs/result.md,a25e1fc2130d68f1f8f15f86763227ec78ffd6ec,bed9a9cf028d7f2a1340b5215f0ef7293a9eb242,main,192,committed,V2-INNOVATION-076 结果,,2026-09-06T12:53:38+00:00
result,,experiments/v2/innovation/INNOVATION-077_etpc/result.md,10f88ebc4cc7120eea5538f0754208e8ed9ea0d9,bed9a9cf028d7f2a1340b5215f0ef7293a9eb242,main,191,committed,V2-INNOVATION-077 结果,,2026-09-06T12:53:38+00:00
result,,experiments/v2/innovation/INNOVATION-078_rdss/result.md,dc1b2e07c7d2b5bd634784870cb5530026fb7cd0,f5338971c61d60b05eabd0a7a495999354299a9a,exp/v2/innovation/innovation-078-rdss,17,committed,V2-INNOVATION-078 结果,,2026-09-06T12:53:38+00:00
result,,experiments/v2/innovation/INNOVATION-078_rdss/result.md,20ffdd032a08746f096a4bfd0ed2ddfddba6c5c6,bed9a9cf028d7f2a1340b5215f0ef7293a9eb242,main,173,committed,V2-INNOVATION-078 结果,,2026-09-06T12:53:38+00:00
result,,experiments/v2/innovation/INNOVATION-079_srdss/result.md,24d5a8ed2b8358419d7e4629ba9013c1295b1563,bed9a9cf028d7f2a1340b5215f0ef7293a9eb242,main,189,committed,V2-INNOVATION-079 结果,,2026-09-06T12:53:38+00:00
result,,experiments/v2/innovation/INNOVATION-080_trdss/result.md,d87643163bede462036ef77a0bf1f86f536f3a2a,bed9a9cf028d7f2a1340b5215f0ef7293a9eb242,main,188,committed,V2-INNOVATION-080 结果,,2026-09-06T12:53:38+00:00
result,,experiments/v2/innovation/INNOVATION-081_rvps/result.md,e261dc81fae1fbfc75c72dc094e0308761f86db5,bed9a9cf028d7f2a1340b5215f0ef7293a9eb242,main,187,committed,V2-INNOVATION-081 结果,,2026-09-06T12:53:38+00:00
result,,experiments/v2/innovation/INNOVATION-082_csds/result.md,4fae267ca3b266de9fa06b1022527a9c973dd402,bed9a9cf028d7f2a1340b5215f0ef7293a9eb242,main,186,committed,V2-INNOVATION-082 结果,,2026-09-06T12:53:38+00:00
result,,experiments/v2/innovation/INNOVATION-083_rugs/result.md,1a8b4ff0a4b806615b157177a91620f1545d0caf,bed9a9cf028d7f2a1340b5215f0ef7293a9eb242,main,185,committed,V2-INNOVATION-083 结果,,2026-09-06T12:53:38+00:00
result,,experiments/v2/innovation/INNOVATION-084_ndps/result.md,05cd5115a70a48d773add540aedbb06e64bd9898,bed9a9cf028d7f2a1340b5215f0ef7293a9eb242,main,184,committed,V2-INNOVATION-084 结果,,2026-09-06T12:53:38+00:00
result,,experiments/v2/innovation/INNOVATION-085_lscr/result.md,f2fabfd1ad84aca2eba213960cc662f3fb40fc1c,bed9a9cf028d7f2a1340b5215f0ef7293a9eb242,main,183,committed,V2-INNOVATION-085 结果,,2026-09-06T12:53:38+00:00
result,,experiments/v2/innovation/INNOVATION-086_cmrcs/result.md,184eefe6d39f915ada97e5d8a497c801cb89b773,0bc0227bd837cc8a0ca84b81cd1ca7abf94be3e4,exp/v2/innovation/innovation-086-cmrcs,1,committed,V2-INNOVATION-086 结果,,2026-09-06T12:53:38+00:00
result,,experiments/v2/innovation/INNOVATION-087_mhps/result.md,bccb0e8615c47e1d919b78b9c12c147251cc6e1d,bed9a9cf028d7f2a1340b5215f0ef7293a9eb242,main,181,committed,V2-INNOVATION-087 结果,,2026-09-06T12:53:38+00:00
result,,experiments/v2/innovation/INNOVATION-088_fbps/result.md,648b896feaeaeeb0f874fa1befb603f74bdade87,bed9a9cf028d7f2a1340b5215f0ef7293a9eb242,main,180,committed,V2-INNOVATION-088 结果,,2026-09-06T12:53:38+00:00
result,,experiments/v2/innovation/INNOVATION-089_bfps/result.md,270b95d224a247721e1f998e32642c0ce1016259,bed9a9cf028d7f2a1340b5215f0ef7293a9eb242,main,179,committed,V2-INNOVATION-089 结果,,2026-09-06T12:53:38+00:00
result,,experiments/v2/innovation/INNOVATION-090_aps/result.md,86f10f4d6e78151b642abdcdb60f8a8897d2da9d,bed9a9cf028d7f2a1340b5215f0ef7293a9eb242,main,178,committed,V2-INNOVATION-090 结果,,2026-09-06T12:53:38+00:00
result,,experiments/v2/innovation/INNOVATION-091_cups/result.md,54ae5e6ec3bf06e6fd309d0e4c0288232a9edcde,bed9a9cf028d7f2a1340b5215f0ef7293a9eb242,main,177,committed,V2-INNOVATION-091 结果,,2026-09-06T12:53:38+00:00
result,,experiments/v2/innovation/INNOVATION-092_tfps/result.md,562fcb35c99e6ad308bdd5ac16d4ef960b883e53,bed9a9cf028d7f2a1340b5215f0ef7293a9eb242,main,176,committed,V2-INNOVATION-092 结果,,2026-09-06T12:53:38+00:00
result,,experiments/v2/innovation/INNOVATION-093_edps/result.md,0dd99144c7ef45b1f983d2634db820e50c9bb797,bed9a9cf028d7f2a1340b5215f0ef7293a9eb242,main,175,committed,V2-INNOVATION-093 结果,,2026-09-06T12:53:38+00:00
result,,experiments/v2/innovation/INNOVATION-094_edps2/result.md,b76f1c592e78080817c7604c0e86c27fea2238b8,bed9a9cf028d7f2a1340b5215f0ef7293a9eb242,main,174,committed,V2-INNOVATION-094 结果,,2026-09-06T12:53:38+00:00
result,,experiments/v2/innovation/INNOVATION-095_sedps/result.md,2fb51f686ce25eab87346a3960eddc0af187d71e,bed9a9cf028d7f2a1340b5215f0ef7293a9eb242,main,172,committed,V2-INNOVATION-095 结果,,2026-09-06T12:53:38+00:00
result,,experiments/v2/innovation/INNOVATION-096_ceps/result.md,f6e33347906448c116fa9f8870a8ca558b747646,bed9a9cf028d7f2a1340b5215f0ef7293a9eb242,main,171,committed,V2-INNOVATION-096 结果,,2026-09-06T12:53:38+00:00
result,,experiments/v2/innovation/INNOVATION-097_jeds/result.md,918c8ac21ff817fd2091eedacef18054f06d2c79,bed9a9cf028d7f2a1340b5215f0ef7293a9eb242,main,170,committed,V2-INNOVATION-097 结果,,2026-09-06T12:53:38+00:00
result,,experiments/v2/innovation/INNOVATION-098_nrps/result.md,54cb71b28f9a14d876c77aa206566ad3c5bec9ac,bed9a9cf028d7f2a1340b5215f0ef7293a9eb242,main,169,committed,V2-INNOVATION-098 结果,,2026-09-06T12:53:38+00:00
result,,experiments/v2/innovation/INNOVATION-099_tdrs/result.md,ef67b70fdf2ca000b788a74faa85879054e5fc39,bed9a9cf028d7f2a1340b5215f0ef7293a9eb242,main,168,committed,V2-INNOVATION-099 结果,,2026-09-06T12:53:38+00:00
result,,experiments/v2/tune/TUNE-001_standard_clip_validation/result.md,206cc11d7a8b76242c3e22a7ff692ae503608939,bed9a9cf028d7f2a1340b5215f0ef7293a9eb242,main,265,committed,V2-TUNE-001 结果,,2026-09-06T12:53:38+00:00
result,,experiments/v2/tune/TUNE-002_nested_three_module_validation/result.md,f37608a1c51b6f152bd44cec640770d8600dde77,bed9a9cf028d7f2a1340b5215f0ef7293a9eb242,main,167,committed,V2-TUNE-002 结果,,2026-09-06T12:53:38+00:00
result,,experiments/v2/tune/TUNE-003_pure_threefold_hparams/result.md,2ae4135438dc44834dc4af1b6f00405dee391399,bed9a9cf028d7f2a1340b5215f0ef7293a9eb242,main,166,committed,V2-TUNE-003 结果,,2026-09-06T12:53:38+00:00
result,,experiments/v2/tune/TUNE-004_multidataset_chen_hparams/result.md,b3f2e45a79022084e009836fc05810b42ddcda62,bed9a9cf028d7f2a1340b5215f0ef7293a9eb242,main,165,committed,V2-TUNE-004 结果,,2026-09-06T12:53:38+00:00
result,,experiments/v2/tune/TUNE-005_seen_only_text_assets/result.md,52600711dded647f467c53284ecae022835d5102,bed9a9cf028d7f2a1340b5215f0ef7293a9eb242,main,165,committed,V2-TUNE-005 结果,,2026-09-06T12:53:38+00:00
result,,experiments/v2/tune/TUNE-006_text_v2_recovery/result.md,acccd149b6a68ca6345f812dbe4cfd4460c2d432,bed9a9cf028d7f2a1340b5215f0ef7293a9eb242,main,165,committed,V2-TUNE-006 结果,,2026-09-06T12:53:38+00:00
result,,experiments/v2/tune/TUNE-007_text_v2_chen_hparams/result.md,21566735ea1ee66f76a837262c310a92079304c5,bed9a9cf028d7f2a1340b5215f0ef7293a9eb242,main,165,committed,V2-TUNE-007 结果,,2026-09-06T12:53:38+00:00
result,,experiments/v3/confirmation/CONFIRM-014_fresh_effective_modules/result.md,fa22025d498d884e6a7a23bdf329bf3a0e1186e3,645b609a95e44404ed7a9e65914adcd31bf065f3,exp/v3/confirmation/confirmation-014-fresh-effective-modules,1,committed,V3-CONFIRM-014 结果,,2026-09-06T12:53:38+00:00
result,,experiments/v3/innovation/INNOVATION-015_lver/result.md,82454ed877c6408238ee34d703e052555e7f9cb7,6e5142548c0da2c0696519d5d0eb2181888f41dc,codex/v3-dual-visual-candidates,3,committed,V3-INNOVATION-015 结果,,2026-09-06T12:53:38+00:00
result,,experiments/v3/innovation/INNOVATION-016_pcpc/result.md,30697d1da36c2ce2af84d0746601ed7462906d3c,6e5142548c0da2c0696519d5d0eb2181888f41dc,codex/v3-dual-visual-candidates,3,committed,V3-INNOVATION-016 结果,,2026-09-06T12:53:38+00:00
result,,experiments/v4/ablation/ABLATION-001_clip_vitb32_backbone/result.md,a1767a927c2568130e7a0c56bc7cc12ecb409c1e,0c531a8f212eee5e73511bfb66b8e17f856802b8,exp/v4/ablation/ablation-001-clip-vitb32,1,committed,ABLATION-001 OpenAI CLIP ViT-B/32骨干压力测试,,2026-09-06T12:53:38+00:00
result,,experiments/v4/ablation/ABLATION-002_gtd_coordinate_specificity/result.md,b2a65ec36b8f4afce8c2e500a125a3fb17ab6995,f52a58691e68237aec9ec0d7096e69c7ef474929,exp/v4/ablation/ablation-002-gtd-coordinate-specificity,3,committed,ABLATION-002 GTD类别坐标特异性,,2026-09-06T12:53:38+00:00
result,,experiments/v4/ablation/ABLATION-003_sid_gtd_cub/result.md,02b2bd4d5fbcf4aba9b61bfaa1b7675f45e8f91b,08fda2f24fe03c2cf6660414007ca7368a39033f,exp/v4/ablation/ablation-003-sid-gtd-cub,1,committed,ABLATION-003 SID-GTD CUB正式训练,,2026-09-06T12:53:38+00:00
result,,experiments/v4/confirmation/CONFIRM-001_validation_selected_tg_gtd/result.md,e27e8b97be47f44edd87d90f534e593931215b87,20a9db1b1d3592a901ffa4ba6ff675b8c3908c2f,exp/v4/confirmation/confirmation-001-validation-selected,1,committed,V4-CONFIRM-001 结果,,2026-09-06T12:53:38+00:00
result,,experiments/v4/confirmation/CONFIRM-002_xian_validation_multiseed/result.md,b15977d1a5bc8ee68c4d20204d581c54699b5da4,84352c33b0af4d6fb587a71a290f2e0f31cba272,exp/v4/confirmation/confirmation-002-xian-validation-multiseed,2,committed,V4-CONFIRM-002 结果,,2026-09-06T12:53:38+00:00
result,,experiments/v4/innovation/innovation-018-pecv/result.md,6a338df4c7847f64ea4a7240339c5c885e786bb6,c4341027c17410d8c60c072780361802df4e9796,exp/v4/innovation/innovation-018-pecv,1,committed,V4-TRY-013 result,,2026-09-06T12:53:38+00:00
result,,experiments/v4/innovation/innovation-020-pecv-formal/result.md,9b8abb1385ff63f1583fe54a854905db45c34e9d,6ece11dc62890e26d9210a138b792542b6a43289,exp/v4/innovation/innovation-020-pecv-formal,1,committed,V4-TRY-020 result,,2026-09-06T12:53:38+00:00
result,,experiments/v4/tune/TUNE-001_calibrated_stacking/result.md,00f59bc7e3a6d563f739f1d6eb6c93e0a865979d,c0875eb60971bdb39c17974dafe47a4f27273818,exp/v4/tune/tune-001-calibrated-stacking,1,committed,V4-TUNE-001 结果,,2026-09-06T12:53:38+00:00
result,,experiments/v4/tune/TUNE-002_tg_gtd_hparams/result.md,d33d4698b6b4024c03cecd96f9a3515ac9c0b883,f52a58691e68237aec9ec0d7096e69c7ef474929,exp/v4/ablation/ablation-002-gtd-coordinate-specificity,3,committed,TUNE-002 TG+GTD参数上限,,2026-09-06T12:53:38+00:00
result,,experiments/v4/tune/TUNE-002_tg_gtd_hparams/result.md,f7387163995983c81d9c2d7a46ba83696ad628e0,bed9a9cf028d7f2a1340b5215f0ef7293a9eb242,main,104,committed,TUNE-002 TG+GTD参数上限,,2026-09-06T12:53:38+00:00
result,,experiments/v6/innovation/V6-INNOVATION-001_COMPILED_PCLR/result.md,8997af2e773a095073f80952aa141ae860d0a180,bed9a9cf028d7f2a1340b5215f0ef7293a9eb242,main,41,committed,V6-INNOVATION-001 / V6-TRY-006 result,,2026-09-06T12:53:38+00:00
result,,experiments/v7/ablation/V7-ABLATION-001_ONE_TEXT_CUB_RETRAINED/result.md,45381a632843241b21fa07babc7f714a28643e66,15080b9fca55e004638e1ec87dd2644058890d83,exp/v7/tune/tune-012-one-text-e2e,1,committed,V7-ABLATION-001 ONE_TEXT_CUB_RETRAINED,,2026-09-06T12:53:38+00:00
result,,experiments/v7/ablation/V7-ABLATION-002_SEEN_CE_RETRAINED_SVI/result.md,8320aa5e32db6517b747389601d72f24611621e3,ebb782a8cf54885ad31df21ff68c131dcaa1ed0d,exp/v7/ablation/ablation-002-seen-ce,1,committed,V7-ABLATION-002 结果,,2026-09-06T12:53:38+00:00
result,,experiments/v7/ablation/V7-ABLATION-003_PURECLIP_SVI/result.md,19c54df9256322dbe9533f5b256c8d4a974b2f3d,a34c7ebef577c939b9c15508a50d6c973527a550,exp/v7/ablation/ablation-003-pureclip-svi,1,committed,V7-ABLATION-003 PureCLIP SVI,,2026-09-06T12:53:38+00:00
result,,experiments/v7/ablation/V7-ABLATION-004_NO_PARENT_HEAD/result.md,a63cf6ebcef12622fa54b503cf9716dc1ced2dc0,cd90f89d726ca8b76b5481d78b9cdc81325952bf,exp/v7/ablation/ablation-004-no-parent-head,1,committed,V7-ABLATION-004 结果,,2026-09-06T12:53:38+00:00
result,,experiments/v7/ablation/V7-ABLATION-005_PSR_FACTORIAL/result.md,faea97e71d692d1515ffba6720894ad2af0f8869,cb5568e6180606819440d2f981e18912906f3f07,exp/v7/ablation/ablation-005-psr-factorial,6,committed,V7-ABLATION-005 P/S/R 全因子消融结果,,2026-09-06T12:53:38+00:00
result,,experiments/v7/ablation/V7-ABLATION-005_PSR_FACTORIAL/result.md,142f14fda95c8e1e05b5425b144bbdde3bf5a6c0,d3132409f42126ca203fcb4f1bf47c6ec0ea2675,exp/v7/innovation/innovation-001-pcrs-v2,1,committed,V7-ABLATION-005 P/S/R 全因子消融结果,,2026-09-06T12:53:38+00:00
result,,experiments/v7/ablation/V7-ABLATION-006_TEXT_BASELINE_LADDER/result.md,1c29c621dbac96550f39ff735667b869c15340be,2bdc7227bad8ef1ed0776574e51dad05571bef8d,exp/v7/ablation/ablation-006-text-baseline-ladder,2,committed,V7-ABLATION-006 文本基线阶梯,,2026-09-06T12:53:38+00:00
result,,experiments/v7/ablation/V7-ABLATION-006_TUNE014_R_OFF_RETRAIN/result.md,57f58fe8b187fe848b1f061917376c4943c98115,96f19979e1dd1016080295cb0d8225e1c3ec74ad,exp/v7/ablation/ablation-006-class-held-out-r,1,committed,V7-ABLATION-006 TUNE014 R-off retrained,,2026-09-06T12:53:38+00:00
result,,experiments/v7/ablation/V7-ABLATION-007_CUPL_ANCHORED_CONTROL/result.md,16dd9af7fdbdaaf76138dffdcf05f55b73bbcfc7,2ad0b9f8bb76cfa2e8d2cb1c890ab190fa39f716,exp/v7/ablation/ablation-007-cupl-anchored-control,1,committed,V7-ABLATION-007 CuPL类别锚定控制,,2026-09-06T12:53:38+00:00
result,,experiments/v7/confirmation/V7-CONFIRM-001_MULTIDATASET/result.md,4f8b1a2bb1d70e6d8a3dd1c17a720e592869c318,3edc5aba6391833f29345da6f341f9ad84729203,exp/v7/confirmation/confirmation-001-multidataset,1,committed,V7-CONFIRM-001 结果,,2026-09-06T12:53:38+00:00
result,,experiments/v7/confirmation/V7-CONFIRM-002_PSR_MULTIDATASET_MULTISEED/result.md,31b4a809fba7248c0b84e4e0855b4a02c0f50130,961af93a8a862c8c8c2830dc9d6ac3a427649c82,exp/v7/confirmation/confirmation-002-psr-multidataset-multiseed,1,committed,V7-CONFIRM-002 · PSR Multidataset Multiseed,,2026-09-06T12:53:38+00:00
result,,experiments/v7/confirmation/V7-CONFIRM-003_CUB_LADDER_MULTISEED/result.md,7c0ba7d8a3ab6b7dd3996a7821ff1c7d8de6f172,ed21977963287eedc1c0aeca8988af2d37028bd4,exp/v7/confirmation/confirmation-003-cub-ladder-multiseed,1,committed,V7-CONFIRM-003 CUB阶梯多seed确认,,2026-09-06T12:53:38+00:00
result,,experiments/v7/innovation/V7-INNOVATION-001_PCRS/result.md,a08cc22df84a337a268611d2ad084f4c62435fa5,d3132409f42126ca203fcb4f1bf47c6ec0ea2675,exp/v7/innovation/innovation-001-pcrs-v2,1,committed,V7-INNOVATION-001 PCRS Result,,2026-09-06T12:53:38+00:00
result,,experiments/v7/tune/V7-TUNE-001_AWA2_PARENT_GUARD/result.md,1a59e8bddfe3edc4879e6020d4f9616170f7bb03,264cbd56e1d8c4cfa53719fc98d7cc51190d1422,exp/v7/tune/tune-001-awa2-parent-guard,1,committed,V7-TUNE-001 结果,,2026-09-06T12:53:38+00:00
result,,experiments/v7/tune/V7-TUNE-002_AWA2_NEUTRAL_INIT/result.md,e02d5412a8f63ed31f1c6b723cdd3ed9ada40917,7ac551a5071a3d831e713b0a9478c91d9feccd04,exp/v7/tune/tune-002-awa2-neutral-init,1,committed,V7-TUNE-002 结果,,2026-09-06T12:53:38+00:00
result,,experiments/v7/tune/V7-TUNE-003_SOFT_UTILITY_GATE/result.md,d627ba55191480139a3e2aa2efe61df0d483af7e,1e3a33501ba741de38d10effcf8a58415faf99cb,exp/v7/tune/tune-003-soft-utility-gate,1,committed,V7-TUNE-003 结果,,2026-09-06T12:53:38+00:00
result,,experiments/v7/tune/V7-TUNE-004_BILEVEL_TRANSFER/result.md,565c7200cba11645a762767f44930035195b0c73,e8a4946749e4390afb06b33ab46786143a212c62,exp/v7/tune/tune-004-bilevel-transfer,1,committed,V7-TUNE-004 结果,,2026-09-06T12:53:38+00:00
result,,experiments/v7/tune/V7-TUNE-005_BILEVEL_SOFT_GATE/result.md,185614dc31e418dba99f562e31b567debb1ce76a,bd00ee717a0de05fecd8664ac14de8d6e6e6eba9,exp/v7/tune/tune-005-bilevel-soft-gate,1,committed,V7-TUNE-005 结果,,2026-09-06T12:53:38+00:00
result,,experiments/v7/tune/V7-TUNE-006_FULL_BILEVEL/result.md,a79eb9f280ec97184c1c8c3aabf830cc6806a533,e1ceca41f8346baf4dbd78b9700ec8355b1a38d6,exp/v7/tune/tune-006-full-bilevel,1,committed,V7-TUNE-006 结果,,2026-09-06T12:53:38+00:00
result,,experiments/v7/tune/V7-TUNE-007_UNIFIED_ROLE_RELATIONS/result.md,c0fdbacf2b1387af928fb803e54543ea8e3549e0,144b7c31cfbd486bcb4a844983c48698d41a6c3e,exp/v7/tune/tune-007-unified-role-relations,1,committed,V7-TUNE-007 结果,,2026-09-06T12:53:38+00:00
result,,experiments/v7/tune/V7-TUNE-008_ONE_TEXT_SIMPLIFICATION/result.md,366be441e7ab0204bd9536b378b510ccdb80b6c6,aedd6e921b0766d0c1e16754edbf2201efe3b785,exp/v7/tune/tune-008-one-text-simplification,1,committed,V7-TUNE-008 结果,,2026-09-06T12:53:38+00:00
result,,experiments/v7/tune/V7-TUNE-009_ONE_TEXT_READER/result.md,7622da94978d1488e0395c5b7533ef0c79e6942b,93457fe6637d879e414b3327ce04794ceae64adb,exp/v7/tune/tune-009-one-text-reader-probe,1,committed,V7-TUNE-009 结果,,2026-09-06T12:53:38+00:00
result,,experiments/v7/tune/V7-TUNE-010_ONE_TEXT_FULL_GATE0/result.md,474bff705a3aad1032285eb42c57a248c5a01d83,5df71878d79d3d21b4530fedd861e1386096605a,exp/v7/tune/tune-010-one-text-full-gate0,1,committed,V7-TUNE-010 结果,,2026-09-06T12:53:38+00:00
result,,experiments/v7/tune/V7-TUNE-011_ONE_TEXT_READER_ALPHA/result.md,cd011cf1c6c4beefb23a8e739aa15f1077d7a751,8fe7959a93b0c472d604815a6282b3924c60d014,exp/v7/tune/tune-011-one-text-reader-alpha,1,committed,V7-TUNE-011 结果,,2026-09-06T12:53:38+00:00
result,,experiments/v7/tune/V7-TUNE-012_ONE_TEXT_E2E/result.md,00929daa7688bdb77d1affca6765d2f391049539,15080b9fca55e004638e1ec87dd2644058890d83,exp/v7/tune/tune-012-one-text-e2e,1,committed,V7-TUNE-012 结果,,2026-09-06T12:53:38+00:00
result,,experiments/v7/tune/V7-TUNE-013_ONE_TEXT_SEEN_ONLY_CE/result.md,f32046463db44332e2ece4b525fb55f51524d7a4,f037869a08429fb63941dc4f368fac175ce73da0,codex/v7-psr-occupancy-diagnostic,14,committed,V7-TUNE-013 结果,,2026-09-06T12:53:38+00:00
result,,experiments/v7/tune/V7-TUNE-013_ONE_TEXT_SEEN_ONLY_CE/result.md,5a1707a32c65a2512e4c383f342f9645cda92ec1,0d8806cb674b98ca99022a57ae7ce0da0840bdfb,exp/v7/tune/tune-013-one-text-seen-ce,1,committed,V7-TUNE-013 结果,,2026-09-06T12:53:38+00:00
result,,experiments/v7/tune/V7-TUNE-013_ONE_TEXT_SEEN_ONLY_CE/result.md,8343fcbe60adde1475e66b768a5fdedd9b86c970,e10907d73ce81853783580d8497c06a50a18349b,exp/v7/tune/tune-013-one-text-seen-ce-clean,1,committed,V7-TUNE-013 结果,,2026-09-06T12:53:38+00:00
result,,experiments/v7/tune/V7-TUNE-014_CLASS_HELD_OUT_VI/result.md,8e496a1f979a172e0b1713d8d937a0cf3675d5ac,96f19979e1dd1016080295cb0d8225e1c3ec74ad,exp/v7/ablation/ablation-006-class-held-out-r,2,committed,V7-TUNE-014 结果,,2026-09-06T12:53:38+00:00
result,,experiments/v7/tune/V7-TUNE-015_TEXT_RELATION_OPERATOR/result.md,39a63dc146bd0e5907e295ee6324e303419dfbde,b10b35c1005db402acee584f9e2de887102866df,exp/v7/tune/tune-015-relation-visual-operator,1,committed,V7-TUNE-015 Text Relation Operator,,2026-09-06T12:53:38+00:00
result,,experiments/v8/diagnostic/DIAGNOSTIC-002_triadic_evidence/result.md,ec9cba87722594f5013d2e8b09dc3ac4b478178a,1d611b3acb9fdfb329ade5ab18c57a425d0eec72,codex/v8-triadic-evidence-gate0,1,committed,V8-DIAGNOSTIC-002 / RUN-001,,2026-09-06T12:53:38+00:00
run_matrix,,experiments/v1/confirmation/CONFIRM-001_v1_baseline/PARAMETER_MATRIX.csv,e38ea4ad393632978afe957e6720e2263cc69060,bed9a9cf028d7f2a1340b5215f0ef7293a9eb242,main,327,committed,,,2026-09-06T12:53:38+00:00
run_matrix,,experiments/v2/ablation/ABLATION-001_final_chain/PARAMETER_MATRIX.csv,b4bf997c03effc4d8442949efbfd6793e9a3704c,bed9a9cf028d7f2a1340b5215f0ef7293a9eb242,main,296,committed,,,2026-09-06T12:53:38+00:00
run_matrix,,experiments/v2/ablation/ABLATION-002_final_80_chain/PARAMETER_MATRIX.csv,e6c6bfef020bc9ef1c2f271acd999547e914f55a,bed9a9cf028d7f2a1340b5215f0ef7293a9eb242,main,270,committed,,,2026-09-06T12:53:38+00:00
run_matrix,,experiments/v2/ablation/ABLATION-003_multidataset_training_strategy/PARAMETER_MATRIX.csv,ced2bc890fa63ae3a7c157116af3e69423d20820,bed9a9cf028d7f2a1340b5215f0ef7293a9eb242,main,165,committed,,,2026-09-06T12:53:38+00:00
run_matrix,,experiments/v2/ablation/ABLATION-004_text_v2_training_strategy/PARAMETER_MATRIX.csv,c608e3058cd83a0fd372e779c90e21e2ee5511c1,bed9a9cf028d7f2a1340b5215f0ef7293a9eb242,main,165,committed,,,2026-09-06T12:53:38+00:00
run_matrix,,experiments/v2/confirmation/CONFIRM-001_v2_baseline/PARAMETER_MATRIX.csv,45796d3a35da60f18b3cf31fb87a8e3fee47b6c7,bed9a9cf028d7f2a1340b5215f0ef7293a9eb242,main,321,committed,,,2026-09-06T12:53:38+00:00
run_matrix,,experiments/v2/confirmation/CONFIRM-002_unified_seen_training/PARAMETER_MATRIX.csv,8ede9082262a09ad3a4092623690c545d80be39d,bed9a9cf028d7f2a1340b5215f0ef7293a9eb242,main,266,committed,,,2026-09-06T12:53:38+00:00
run_matrix,,experiments/v2/confirmation/CONFIRM-003_standard_clip_final/PARAMETER_MATRIX.csv,189b312af63d4242118cacc5ae7ae56db9bdcf63,bed9a9cf028d7f2a1340b5215f0ef7293a9eb242,main,264,committed,,,2026-09-06T12:53:38+00:00
run_matrix,,experiments/v2/confirmation/CONFIRM-004_chen_style_end_to_end/PARAMETER_MATRIX.csv,62d2659b44e9ce7dbaf0eff444f9926e55982090,bed9a9cf028d7f2a1340b5215f0ef7293a9eb242,main,263,committed,,,2026-09-06T12:53:38+00:00
run_matrix,,experiments/v2/confirmation/CONFIRM-005_chen_style_stagewise/PARAMETER_MATRIX.csv,7dd3d2a56b61767a978122a44b03471b66a10e94,bed9a9cf028d7f2a1340b5215f0ef7293a9eb242,main,262,committed,,,2026-09-06T12:53:38+00:00
run_matrix,,experiments/v2/confirmation/CONFIRM-006_chen_stagewise_pseudo_unseen/PARAMETER_MATRIX.csv,b3838927c0e2c454026098a9ae50fda87a66072b,bed9a9cf028d7f2a1340b5215f0ef7293a9eb242,main,262,committed,,,2026-09-06T12:53:38+00:00
run_matrix,,experiments/v2/confirmation/CONFIRM-007_chen_class_exclusive/PARAMETER_MATRIX.csv,a6e8f8fbef4601a370def8a7a164c3fbc7367a9c,bed9a9cf028d7f2a1340b5215f0ef7293a9eb242,main,262,committed,,,2026-09-06T12:53:38+00:00
run_matrix,,experiments/v2/confirmation/CONFIRM-008_threefold_frozen_final/PARAMETER_MATRIX.csv,90b0d76c97a71e9ffd2779aef97c821ad5b88530,bed9a9cf028d7f2a1340b5215f0ef7293a9eb242,main,166,committed,,,2026-09-06T12:53:38+00:00
run_matrix,,experiments/v2/confirmation/CONFIRM-009_multidataset_traceable_baselines/PARAMETER_MATRIX.csv,d9636e82de36eba00207d97e74a7b92d624023be,bed9a9cf028d7f2a1340b5215f0ef7293a9eb242,main,165,committed,,,2026-09-06T12:53:38+00:00
run_matrix,,experiments/v2/confirmation/CONFIRM-010_text_v2_recovery/PARAMETER_MATRIX.csv,f45e92415cc13002a9e7682474dc2a831def871d,bed9a9cf028d7f2a1340b5215f0ef7293a9eb242,main,165,committed,,,2026-09-06T12:53:38+00:00
run_matrix,,experiments/v2/confirmation/CONFIRM-011_rgve_formal/PARAMETER_MATRIX.csv,412225a527909d076a48ad8e9df4f16003fc0d8f,bed9a9cf028d7f2a1340b5215f0ef7293a9eb242,main,165,committed,,,2026-09-06T12:53:38+00:00
run_matrix,,experiments/v2/confirmation/CONFIRM-012_canonical_class_names/PARAMETER_MATRIX.csv,724b99225bb46546d2216e072cde9ff4ac672eda,bed9a9cf028d7f2a1340b5215f0ef7293a9eb242,main,165,committed,,,2026-09-06T12:53:38+00:00
run_matrix,,experiments/v2/evidence/legacy_h1/ablation_014/PARAMETER_MATRIX.csv,be7525a3c9dc1b6ac591ac916715a02606cc7733,bed9a9cf028d7f2a1340b5215f0ef7293a9eb242,main,319,committed,,,2026-09-06T12:53:38+00:00
run_matrix,,experiments/v2/evidence/legacy_h1/innovation_024/PARAMETER_MATRIX.csv,b701ac542bbd5b42e8521fc375054c48302d6dc7,bed9a9cf028d7f2a1340b5215f0ef7293a9eb242,main,319,committed,,,2026-09-06T12:53:38+00:00
run_matrix,,experiments/v2/evidence/legacy_h1/tune_005/PARAMETER_MATRIX.csv,6779a014beeac5e627862e701b854aff347730dc,bed9a9cf028d7f2a1340b5215f0ef7293a9eb242,main,319,committed,,,2026-09-06T12:53:38+00:00
run_matrix,,experiments/v2/evidence/legacy_h1/tune_006/PARAMETER_MATRIX.csv,2bc41cc55b98e782ce531a77224a15acf63bf9ce,bed9a9cf028d7f2a1340b5215f0ef7293a9eb242,main,319,committed,,,2026-09-06T12:53:38+00:00
run_matrix,,experiments/v2/innovation/INNOVATION-001_conservative_unseen_transfer/PARAMETER_MATRIX.csv,de6296b7ed18908061eb4fcec6d6fe3ff071fe5d,bed9a9cf028d7f2a1340b5215f0ef7293a9eb242,main,314,committed,,,2026-09-06T12:53:38+00:00
run_matrix,,experiments/v2/innovation/INNOVATION-002_tangent_semantic_transport/PARAMETER_MATRIX.csv,e53c5f5adb7864da2020f3e8b95eb601d8c988d3,bed9a9cf028d7f2a1340b5215f0ef7293a9eb242,main,310,committed,,,2026-09-06T12:53:38+00:00
run_matrix,,experiments/v2/innovation/INNOVATION-003_class_conditioned_geometric_generator/PARAMETER_MATRIX.csv,98a4c39276577ce062fb218ecc6a78162cbc40a3,bed9a9cf028d7f2a1340b5215f0ef7293a9eb242,main,296,committed,,,2026-09-06T12:53:38+00:00
run_matrix,,experiments/v2/innovation/INNOVATION-004_attribute_residual_alignment/PARAMETER_MATRIX.csv,76cb36293f0d96ef9f47ff28ab2b84511a5b00b0,bed9a9cf028d7f2a1340b5215f0ef7293a9eb242,main,284,committed,,,2026-09-06T12:53:38+00:00
run_matrix,,experiments/v2/innovation/INNOVATION-005_centroid_ridge_alignment/PARAMETER_MATRIX.csv,80f449ab6f8b7362dd61f96e83b6bce68eb1fd70,6804c9c046c9487b006f585257119014baa88d0a,codex/cra,1,committed,,,2026-09-06T12:53:38+00:00
run_matrix,,experiments/v2/innovation/INNOVATION-005_centroid_ridge_alignment/PARAMETER_MATRIX.csv,2d1cd23e020b0f77e42b2304453f7d92cdb0c0b1,bed9a9cf028d7f2a1340b5215f0ef7293a9eb242,main,279,committed,,,2026-09-06T12:53:38+00:00
run_matrix,,experiments/v2/innovation/INNOVATION-006_episodic_bias_calibration/PARAMETER_MATRIX.csv,002ad6d6d434ee5b4d911d73a8b6935eecf61634,bed9a9cf028d7f2a1340b5215f0ef7293a9eb242,main,276,committed,,,2026-09-06T12:53:38+00:00
run_matrix,,experiments/v2/innovation/INNOVATION-007_visual_prototype_bias_composition/PARAMETER_MATRIX.csv,eb71800125b719fe8b4f24c0f41be0a5b66cd568,bed9a9cf028d7f2a1340b5215f0ef7293a9eb242,main,274,committed,,,2026-09-06T12:53:38+00:00
run_matrix,,experiments/v2/innovation/INNOVATION-008_joint_bidirectional_episodic_calibration/PARAMETER_MATRIX.csv,5c8bf0bb3f6482e82780b7dc8bfd7de2a1c1b8c4,bed9a9cf028d7f2a1340b5215f0ef7293a9eb242,main,273,committed,,,2026-09-06T12:53:38+00:00
run_matrix,,experiments/v2/innovation/INNOVATION-009_class_name_residual_alignment/PARAMETER_MATRIX.csv,9525abcc58d6bdf0a8587c2538a66120e032638c,bed9a9cf028d7f2a1340b5215f0ef7293a9eb242,main,270,committed,,,2026-09-06T12:53:38+00:00
run_matrix,,experiments/v2/innovation/INNOVATION-010_sccc/PARAMETER_MATRIX.csv,c9f9a46938a1cf00f6d321326501a652b4e9ac89,bed9a9cf028d7f2a1340b5215f0ef7293a9eb242,main,262,committed,,,2026-09-06T12:53:38+00:00
run_matrix,,experiments/v2/innovation/INNOVATION-011_ncra/PARAMETER_MATRIX.csv,9cd2f10f63f072bdcfc35b6d03d39a5ddfccfe75,bed9a9cf028d7f2a1340b5215f0ef7293a9eb242,main,262,committed,,,2026-09-06T12:53:38+00:00
run_matrix,,experiments/v2/innovation/INNOVATION-012_sdrs/PARAMETER_MATRIX.csv,5b41990a9c6fef0375ee7ed1619c7af714481fa9,bed9a9cf028d7f2a1340b5215f0ef7293a9eb242,main,261,committed,,,2026-09-06T12:53:38+00:00
run_matrix,,experiments/v2/innovation/INNOVATION-013_sebc/PARAMETER_MATRIX.csv,8c2a8d620c27d0935fe5e7aa7352ae98cace3f25,bed9a9cf028d7f2a1340b5215f0ef7293a9eb242,main,260,committed,,,2026-09-06T12:53:38+00:00
run_matrix,,experiments/v2/innovation/INNOVATION-014_lpsr/PARAMETER_MATRIX.csv,c6249928adb104d6763aa1a196f71a98121bc068,bed9a9cf028d7f2a1340b5215f0ef7293a9eb242,main,259,committed,,,2026-09-06T12:53:38+00:00
run_matrix,,experiments/v2/innovation/INNOVATION-015_ccpe/PARAMETER_MATRIX.csv,1a11030a2d42c7e79731fcdd7d5b105e39b81b5c,bed9a9cf028d7f2a1340b5215f0ef7293a9eb242,main,258,committed,,,2026-09-06T12:53:38+00:00
run_matrix,,experiments/v2/innovation/INNOVATION-016_scpe/PARAMETER_MATRIX.csv,88cd0bc2aeccaab67959e9f3aa6d95670b5bef9a,bed9a9cf028d7f2a1340b5215f0ef7293a9eb242,main,257,committed,,,2026-09-06T12:53:38+00:00
run_matrix,,experiments/v2/innovation/INNOVATION-017_mppe/PARAMETER_MATRIX.csv,524cb10a6111117e90ca2214b0dc33a56d06559a,bed9a9cf028d7f2a1340b5215f0ef7293a9eb242,main,256,committed,,,2026-09-06T12:53:38+00:00
run_matrix,,experiments/v2/innovation/INNOVATION-018_cnpe/PARAMETER_MATRIX.csv,1b29b91c3d090d74eda55b51aecdb40f6cd00fe2,bed9a9cf028d7f2a1340b5215f0ef7293a9eb242,main,255,committed,,,2026-09-06T12:53:38+00:00
run_matrix,,experiments/v2/innovation/INNOVATION-019_dspe/PARAMETER_MATRIX.csv,344e00e729d670296258663f656c59a208d78817,bed9a9cf028d7f2a1340b5215f0ef7293a9eb242,main,254,committed,,,2026-09-06T12:53:38+00:00
run_matrix,,experiments/v2/innovation/INNOVATION-020_pcme/PARAMETER_MATRIX.csv,b0271e98cc509492e549ef7f4bebeccb88a0b022,bed9a9cf028d7f2a1340b5215f0ef7293a9eb242,main,253,committed,,,2026-09-06T12:53:38+00:00
run_matrix,,experiments/v2/innovation/INNOVATION-021_ecpe/PARAMETER_MATRIX.csv,d9c0f65d446c8f3e13a99bb81f8962a06dd6f858,bed9a9cf028d7f2a1340b5215f0ef7293a9eb242,main,252,committed,,,2026-09-06T12:53:38+00:00
run_matrix,,experiments/v2/innovation/INNOVATION-022_crpe/PARAMETER_MATRIX.csv,57c49018a682cc658c008f56f91258a6c4c75211,bed9a9cf028d7f2a1340b5215f0ef7293a9eb242,main,251,committed,,,2026-09-06T12:53:38+00:00
run_matrix,,experiments/v2/innovation/INNOVATION-023_lvpg/PARAMETER_MATRIX.csv,ba1f5eedd804037f5c56f0107420a108eafe2706,bed9a9cf028d7f2a1340b5215f0ef7293a9eb242,main,250,committed,,,2026-09-06T12:53:38+00:00
run_matrix,,experiments/v2/innovation/INNOVATION-024_clre/PARAMETER_MATRIX.csv,54e16ad28d8a5377804fe4916dbfe2c11ebd9ea6,bed9a9cf028d7f2a1340b5215f0ef7293a9eb242,main,249,committed,,,2026-09-06T12:53:38+00:00
run_matrix,,experiments/v2/innovation/INNOVATION-025_clec/PARAMETER_MATRIX.csv,37340745459df9c1e9e02e1acb07890c29d1ce80,bed9a9cf028d7f2a1340b5215f0ef7293a9eb242,main,248,committed,,,2026-09-06T12:53:38+00:00
run_matrix,,experiments/v2/innovation/INNOVATION-026_mlre/PARAMETER_MATRIX.csv,303febf8cb2a5331d78583c8852270ee1cb28afa,bed9a9cf028d7f2a1340b5215f0ef7293a9eb242,main,247,committed,,,2026-09-06T12:53:38+00:00
run_matrix,,experiments/v2/innovation/INNOVATION-027_aclm/PARAMETER_MATRIX.csv,22a413b7edf88db567714ad0d3a9bb61583c986e,bed9a9cf028d7f2a1340b5215f0ef7293a9eb242,main,246,committed,,,2026-09-06T12:53:38+00:00
run_matrix,,experiments/v2/innovation/INNOVATION-028_cacm/PARAMETER_MATRIX.csv,048a4f8115971252693c673f88f449edc3d0a0fb,bed9a9cf028d7f2a1340b5215f0ef7293a9eb242,main,245,committed,,,2026-09-06T12:53:38+00:00
run_matrix,,experiments/v2/innovation/INNOVATION-029_oclr/PARAMETER_MATRIX.csv,943434f4b21bf5c1569f43f0925299a5cba07034,c1b4f164abb6a230099c9dde51ac2d942eba16a2,exp/v2/innovation/innovation-029_oclr,3,committed,,,2026-09-06T12:53:38+00:00
run_matrix,,experiments/v2/innovation/INNOVATION-029_oclr/PARAMETER_MATRIX.csv,ce6cdef30844a23bd6ba483e419436ebdcd940e6,bed9a9cf028d7f2a1340b5215f0ef7293a9eb242,main,241,committed,,,2026-09-06T12:53:38+00:00
run_matrix,,experiments/v2/innovation/INNOVATION-030_oglc/PARAMETER_MATRIX.csv,3ea691153cd0028127b0d693e63c8b4baff32839,bed9a9cf028d7f2a1340b5215f0ef7293a9eb242,main,243,committed,,,2026-09-06T12:53:38+00:00
run_matrix,,experiments/v2/innovation/INNOVATION-031_omlr/PARAMETER_MATRIX.csv,5b7de6912277ec1b347e15562775a4fddade2f95,bed9a9cf028d7f2a1340b5215f0ef7293a9eb242,main,242,committed,,,2026-09-06T12:53:38+00:00
run_matrix,,experiments/v2/innovation/INNOVATION-032_bocr/PARAMETER_MATRIX.csv,685e8ad6b74c0f4bbb99966964168bac960e5517,bed9a9cf028d7f2a1340b5215f0ef7293a9eb242,main,240,committed,,,2026-09-06T12:53:38+00:00
run_matrix,,experiments/v2/innovation/INNOVATION-033_pbor/PARAMETER_MATRIX.csv,c57e6ce9146ba737e5f570a2f8a64cffe9461ffe,bed9a9cf028d7f2a1340b5215f0ef7293a9eb242,main,239,committed,,,2026-09-06T12:53:38+00:00
run_matrix,,experiments/v2/innovation/INNOVATION-034_orer/PARAMETER_MATRIX.csv,059a41e5f55ac0ea4ab1455232c2e57774b6555e,bed9a9cf028d7f2a1340b5215f0ef7293a9eb242,main,238,committed,,,2026-09-06T12:53:38+00:00
run_matrix,,experiments/v2/innovation/INNOVATION-035_ormr/PARAMETER_MATRIX.csv,166bd52c3d7c49cb5393ee5badfeab0f4aaa2d27,bed9a9cf028d7f2a1340b5215f0ef7293a9eb242,main,237,committed,,,2026-09-06T12:53:38+00:00
run_matrix,,experiments/v2/innovation/INNOVATION-036_oesr/PARAMETER_MATRIX.csv,c5fb5501c5b929ccc8cecfda69bc106eb0218ed6,bed9a9cf028d7f2a1340b5215f0ef7293a9eb242,main,236,committed,,,2026-09-06T12:53:38+00:00
run_matrix,,experiments/v2/innovation/INNOVATION-037_aosr/PARAMETER_MATRIX.csv,3da401f0632f0c7bca4b36616fbde85167161fc5,bed9a9cf028d7f2a1340b5215f0ef7293a9eb242,main,235,committed,,,2026-09-06T12:53:38+00:00
run_matrix,,experiments/v2/innovation/INNOVATION-038_casr/PARAMETER_MATRIX.csv,0d3ae54891bdfd47e18dbbe982efa487da4e38cd,bed9a9cf028d7f2a1340b5215f0ef7293a9eb242,main,234,committed,,,2026-09-06T12:53:38+00:00
run_matrix,,experiments/v2/innovation/INNOVATION-039_ccsr/PARAMETER_MATRIX.csv,3ef8691bf876e4a75ad2022025b4ae95fa2dc1a6,bed9a9cf028d7f2a1340b5215f0ef7293a9eb242,main,233,committed,,,2026-09-06T12:53:38+00:00
run_matrix,,experiments/v2/innovation/INNOVATION-040_icsr/PARAMETER_MATRIX.csv,39b81d0c9876fb42fd79c31a75c8a2c6767eec72,bed9a9cf028d7f2a1340b5215f0ef7293a9eb242,main,232,committed,,,2026-09-06T12:53:38+00:00
run_matrix,,experiments/v2/innovation/INNOVATION-041_sdcr/PARAMETER_MATRIX.csv,fc94838a0a7eb6343da1b65303387a68b73cf3e7,bed9a9cf028d7f2a1340b5215f0ef7293a9eb242,main,231,committed,,,2026-09-06T12:53:38+00:00
run_matrix,,experiments/v2/innovation/INNOVATION-042_sdcc/PARAMETER_MATRIX.csv,a9f4bd9a9aa579f12354a490b97512dd9c310328,bed9a9cf028d7f2a1340b5215f0ef7293a9eb242,main,230,committed,,,2026-09-06T12:53:38+00:00
run_matrix,,experiments/v2/innovation/INNOVATION-043_wsdr/PARAMETER_MATRIX.csv,5abbc31005c9c7c46e7edf51b7a97b7b29119fea,bed9a9cf028d7f2a1340b5215f0ef7293a9eb242,main,229,committed,,,2026-09-06T12:53:38+00:00
run_matrix,,experiments/v2/innovation/INNOVATION-044_iadr/PARAMETER_MATRIX.csv,4b8ba8232950e7031c8e64ef0a4cdc3455d2ba17,bed9a9cf028d7f2a1340b5215f0ef7293a9eb242,main,228,committed,,,2026-09-06T12:53:38+00:00
run_matrix,,experiments/v2/innovation/INNOVATION-045_mgsr/PARAMETER_MATRIX.csv,8c9e17198e060730ba31a4f431d5c06b43a24276,bed9a9cf028d7f2a1340b5215f0ef7293a9eb242,main,227,committed,,,2026-09-06T12:53:38+00:00
run_matrix,,experiments/v2/innovation/INNOVATION-046_rmgsr/PARAMETER_MATRIX.csv,dbcb963a0e33dd267630edd8759caad00426a6a9,bed9a9cf028d7f2a1340b5215f0ef7293a9eb242,main,226,committed,,,2026-09-06T12:53:38+00:00
run_matrix,,experiments/v2/innovation/INNOVATION-047_ncsr/PARAMETER_MATRIX.csv,ede41b79338c8d0683e67ec59551f28d716c22fd,bed9a9cf028d7f2a1340b5215f0ef7293a9eb242,main,225,committed,,,2026-09-06T12:53:38+00:00
run_matrix,,experiments/v2/innovation/INNOVATION-048_rsdm/PARAMETER_MATRIX.csv,b5cf7d8fb8e673f9145e11f6d0834892d878f2b5,bed9a9cf028d7f2a1340b5215f0ef7293a9eb242,main,224,committed,,,2026-09-06T12:53:38+00:00
run_matrix,,experiments/v2/innovation/INNOVATION-049_fsdm/PARAMETER_MATRIX.csv,0125336370e2a6a56b1c3c6d4282a1d3ca8928ed,bed9a9cf028d7f2a1340b5215f0ef7293a9eb242,main,223,committed,,,2026-09-06T12:53:38+00:00
run_matrix,,experiments/v2/innovation/INNOVATION-050_jscf/PARAMETER_MATRIX.csv,7505cefc991b49c98ed19fd4de3877be9fe020d8,bed9a9cf028d7f2a1340b5215f0ef7293a9eb242,main,222,committed,,,2026-09-06T12:53:38+00:00
run_matrix,,experiments/v2/innovation/INNOVATION-051_clcr/PARAMETER_MATRIX.csv,b1ff4866824b92d612a4c0b3338aca4af27c0c87,bed9a9cf028d7f2a1340b5215f0ef7293a9eb242,main,221,committed,,,2026-09-06T12:53:38+00:00
run_matrix,,experiments/v2/innovation/INNOVATION-052_spcr/PARAMETER_MATRIX.csv,83a8015d59053d9546e73fbbcdb94bc456c4ec64,bed9a9cf028d7f2a1340b5215f0ef7293a9eb242,main,220,committed,,,2026-09-06T12:53:38+00:00
run_matrix,,experiments/v2/innovation/INNOVATION-053_pgsd/PARAMETER_MATRIX.csv,e1ed80670375b8b782e600063b687933f6841e83,bed9a9cf028d7f2a1340b5215f0ef7293a9eb242,main,219,committed,,,2026-09-06T12:53:38+00:00
run_matrix,,experiments/v2/innovation/INNOVATION-054_cpgsd/PARAMETER_MATRIX.csv,6c846295cc3caf060e29d32e9b922197557c48a8,bed9a9cf028d7f2a1340b5215f0ef7293a9eb242,main,218,committed,,,2026-09-06T12:53:38+00:00
run_matrix,,experiments/v2/innovation/INNOVATION-055_tigr/PARAMETER_MATRIX.csv,ee9892911dc53cb0a8c83cc8722d88345c355d9c,bed9a9cf028d7f2a1340b5215f0ef7293a9eb242,main,216,committed,,,2026-09-06T12:53:38+00:00
run_matrix,,experiments/v2/innovation/INNOVATION-056_twls/PARAMETER_MATRIX.csv,e7a7760fb88a427c2c51c19eafc359afbd7b2e99,bed9a9cf028d7f2a1340b5215f0ef7293a9eb242,main,215,committed,,,2026-09-06T12:53:38+00:00
run_matrix,,experiments/v2/innovation/INNOVATION-057_tpld/PARAMETER_MATRIX.csv,594b2e5f204868efef23b41495282b1911fd5b0a,bed9a9cf028d7f2a1340b5215f0ef7293a9eb242,main,214,committed,,,2026-09-06T12:53:38+00:00
run_matrix,,experiments/v2/innovation/INNOVATION-058_agct/PARAMETER_MATRIX.csv,4bf40cb7ba4787f6946765e4fc562c61b7df7887,1a7294ab515970cc20f6a4aeef2530cf6dc2a1ad,exp/v2/innovation/innovation-058-agct,2,committed,,,2026-09-06T12:53:38+00:00
run_matrix,,experiments/v2/innovation/INNOVATION-058_agct/PARAMETER_MATRIX.csv,29309c383868e6f4eb8d797327d508a24be2b3c9,bed9a9cf028d7f2a1340b5215f0ef7293a9eb242,main,211,committed,,,2026-09-06T12:53:38+00:00
run_matrix,,experiments/v2/innovation/INNOVATION-059_cctb/PARAMETER_MATRIX.csv,3ed1d855b30b1cf5fb60cb8db71c7451c3791fd7,bed9a9cf028d7f2a1340b5215f0ef7293a9eb242,main,212,committed,,,2026-09-06T12:53:38+00:00
run_matrix,,experiments/v2/innovation/INNOVATION-060_magt/PARAMETER_MATRIX.csv,960380898338a3930a139bb9d90a7bed566ab510,bed9a9cf028d7f2a1340b5215f0ef7293a9eb242,main,210,committed,,,2026-09-06T12:53:38+00:00
run_matrix,,experiments/v2/innovation/INNOVATION-061_agpt/PARAMETER_MATRIX.csv,c57ef67dfd20a1474cef7e27ca6cfc3481b23361,bed9a9cf028d7f2a1340b5215f0ef7293a9eb242,main,209,committed,,,2026-09-06T12:53:38+00:00
run_matrix,,experiments/v2/innovation/INNOVATION-062_gpes/PARAMETER_MATRIX.csv,76167de63e7a793a4a5341ce3dcb70a01cfd59e3,bed9a9cf028d7f2a1340b5215f0ef7293a9eb242,main,207,committed,,,2026-09-06T12:53:38+00:00
run_matrix,,experiments/v2/innovation/INNOVATION-063_gwps/PARAMETER_MATRIX.csv,ee1ffa1232bb22c2f79df486d59b3a1dc460207d,bed9a9cf028d7f2a1340b5215f0ef7293a9eb242,main,206,committed,,,2026-09-06T12:53:38+00:00
run_matrix,,experiments/v2/innovation/INNOVATION-064_bgwps/PARAMETER_MATRIX.csv,893cd0d6b235d44de8323c2b859f1c78c7582e54,bed9a9cf028d7f2a1340b5215f0ef7293a9eb242,main,205,committed,,,2026-09-06T12:53:38+00:00
run_matrix,,experiments/v2/innovation/INNOVATION-065_mbgwps/PARAMETER_MATRIX.csv,26c7758046d1b7fd7d9de4d2f55c3c43cb40f77e,bed9a9cf028d7f2a1340b5215f0ef7293a9eb242,main,204,committed,,,2026-09-06T12:53:38+00:00
run_matrix,,experiments/v2/innovation/INNOVATION-066_egpes/PARAMETER_MATRIX.csv,018d2454a02477688d4063ae0c5337f6e4ecfd5f,bed9a9cf028d7f2a1340b5215f0ef7293a9eb242,main,203,committed,,,2026-09-06T12:53:38+00:00
run_matrix,,experiments/v2/innovation/INNOVATION-067_nps/PARAMETER_MATRIX.csv,b3fa5fe55816b21b0bbbb6b6deede22ec15c1c0d,bed9a9cf028d7f2a1340b5215f0ef7293a9eb242,main,202,committed,,,2026-09-06T12:53:38+00:00
run_matrix,,experiments/v2/innovation/INNOVATION-068_tgwps/PARAMETER_MATRIX.csv,d0eacc640d6abf739a000b60ebbee36fae2fa9f7,35e61afe17eec36403917139fb1dec964959ff8f,exp/v2/innovation/innovation-067_nps,1,committed,,,2026-09-06T12:53:38+00:00
run_matrix,,experiments/v2/innovation/INNOVATION-068_tgwps/PARAMETER_MATRIX.csv,297d31a4e0e55d0dc7ac20f2f367449894ab4246,bed9a9cf028d7f2a1340b5215f0ef7293a9eb242,main,201,committed,,,2026-09-06T12:53:38+00:00
run_matrix,,experiments/v2/innovation/INNOVATION-069_sgwps/PARAMETER_MATRIX.csv,2c4e934b9b91d3040feda296dc1dc62fa3aa9217,bed9a9cf028d7f2a1340b5215f0ef7293a9eb242,main,200,committed,,,2026-09-06T12:53:38+00:00
run_matrix,,experiments/v2/innovation/INNOVATION-070_rgwps/PARAMETER_MATRIX.csv,2a2481970d54ce9abf3fa649beb1a2a1c9af6b47,bed9a9cf028d7f2a1340b5215f0ef7293a9eb242,main,199,committed,,,2026-09-06T12:53:38+00:00
run_matrix,,experiments/v2/innovation/INNOVATION-071_crgwps/PARAMETER_MATRIX.csv,b994ffefefe83862ae5c70b1fdd9c2b6baee227b,bed9a9cf028d7f2a1340b5215f0ef7293a9eb242,main,198,committed,,,2026-09-06T12:53:38+00:00
run_matrix,,experiments/v2/innovation/INNOVATION-072_snps/PARAMETER_MATRIX.csv,6e62c711e3860ee5bbb39394f9cfb679a4d18eff,2e78bae9b101761b2c0ad7854bc54d6ec13c6983,exp/v2/innovation/innovation-072-snps,2,committed,,,2026-09-06T12:53:38+00:00
run_matrix,,experiments/v2/innovation/INNOVATION-072_snps/PARAMETER_MATRIX.csv,379b6523b8c2adef24bfbc2a58863f9b0acb1f6a,bed9a9cf028d7f2a1340b5215f0ef7293a9eb242,main,195,committed,,,2026-09-06T12:53:38+00:00
run_matrix,,experiments/v2/innovation/INNOVATION-073_msnps/PARAMETER_MATRIX.csv,0dcda11cb53351d83c786145bbbf9aa2d135efb0,bed9a9cf028d7f2a1340b5215f0ef7293a9eb242,main,196,committed,,,2026-09-06T12:53:38+00:00
run_matrix,,experiments/v2/innovation/INNOVATION-074_rsnps/PARAMETER_MATRIX.csv,ffd43d21027a3a97a8d1920e44e4145433f6f62b,bed9a9cf028d7f2a1340b5215f0ef7293a9eb242,main,194,committed,,,2026-09-06T12:53:38+00:00
run_matrix,,experiments/v2/innovation/INNOVATION-075_tcps/PARAMETER_MATRIX.csv,97c5811037f35295d9ff314cf5b3f59d8809d583,bed9a9cf028d7f2a1340b5215f0ef7293a9eb242,main,193,committed,,,2026-09-06T12:53:38+00:00
run_matrix,,experiments/v2/innovation/INNOVATION-076_pdrs/PARAMETER_MATRIX.csv,3e6837aa5fd90fdd911a4c75691e4e66a8b2e660,bed9a9cf028d7f2a1340b5215f0ef7293a9eb242,main,192,committed,,,2026-09-06T12:53:38+00:00
run_matrix,,experiments/v2/innovation/INNOVATION-077_etpc/PARAMETER_MATRIX.csv,d293f586d7a824349365a9ea23b987ffac69311f,bed9a9cf028d7f2a1340b5215f0ef7293a9eb242,main,191,committed,,,2026-09-06T12:53:38+00:00
run_matrix,,experiments/v2/innovation/INNOVATION-078_rdss/PARAMETER_MATRIX.csv,a59c9c7490437b1e5149c7f6ea4afcc5701f4e90,f5338971c61d60b05eabd0a7a495999354299a9a,exp/v2/innovation/innovation-078-rdss,17,committed,,,2026-09-06T12:53:38+00:00
run_matrix,,experiments/v2/innovation/INNOVATION-078_rdss/PARAMETER_MATRIX.csv,ce8b15d68b242fcfde432298701372bac527ddc3,bed9a9cf028d7f2a1340b5215f0ef7293a9eb242,main,173,committed,,,2026-09-06T12:53:38+00:00
run_matrix,,experiments/v2/innovation/INNOVATION-079_srdss/PARAMETER_MATRIX.csv,d3981a47af998160d9a2e76d7f8b0d38409ef8aa,bed9a9cf028d7f2a1340b5215f0ef7293a9eb242,main,189,committed,,,2026-09-06T12:53:38+00:00
run_matrix,,experiments/v2/innovation/INNOVATION-080_trdss/PARAMETER_MATRIX.csv,17cbee5093e2656fdfbcbd38439c7748c6103e71,bed9a9cf028d7f2a1340b5215f0ef7293a9eb242,main,188,committed,,,2026-09-06T12:53:38+00:00
run_matrix,,experiments/v2/innovation/INNOVATION-081_rvps/PARAMETER_MATRIX.csv,3c94d459aa7208573acc988cd08e13686885cc7e,bed9a9cf028d7f2a1340b5215f0ef7293a9eb242,main,187,committed,,,2026-09-06T12:53:38+00:00
run_matrix,,experiments/v2/innovation/INNOVATION-082_csds/PARAMETER_MATRIX.csv,1ef77a2b7edc82264784151d2f1f857e72218997,bed9a9cf028d7f2a1340b5215f0ef7293a9eb242,main,186,committed,,,2026-09-06T12:53:38+00:00
run_matrix,,experiments/v2/innovation/INNOVATION-083_rugs/PARAMETER_MATRIX.csv,293a0b3fa466f6406f2db212471aeb8e279024d1,bed9a9cf028d7f2a1340b5215f0ef7293a9eb242,main,185,committed,,,2026-09-06T12:53:38+00:00
run_matrix,,experiments/v2/innovation/INNOVATION-084_ndps/PARAMETER_MATRIX.csv,9f41f029209a35c21aa9353e35835dc673edd52b,bed9a9cf028d7f2a1340b5215f0ef7293a9eb242,main,184,committed,,,2026-09-06T12:53:38+00:00
run_matrix,,experiments/v2/innovation/INNOVATION-085_lscr/PARAMETER_MATRIX.csv,2e059ce33a3a45949fe9541dd209f759d8fb12bc,bed9a9cf028d7f2a1340b5215f0ef7293a9eb242,main,183,committed,,,2026-09-06T12:53:38+00:00
run_matrix,,experiments/v2/innovation/INNOVATION-086_cmrcs/PARAMETER_MATRIX.csv,5a21f7e58ba9b6bb3d709750b1742c8f7f92c66f,0bc0227bd837cc8a0ca84b81cd1ca7abf94be3e4,exp/v2/innovation/innovation-086-cmrcs,1,committed,,,2026-09-06T12:53:38+00:00
run_matrix,,experiments/v2/innovation/INNOVATION-087_mhps/PARAMETER_MATRIX.csv,5eed588c6eba40e860bb3d2c38b7c09f619f799b,bed9a9cf028d7f2a1340b5215f0ef7293a9eb242,main,181,committed,,,2026-09-06T12:53:38+00:00
run_matrix,,experiments/v2/innovation/INNOVATION-088_fbps/PARAMETER_MATRIX.csv,218dd805992188ae6dac0b12e30cc51451ea8a04,bed9a9cf028d7f2a1340b5215f0ef7293a9eb242,main,180,committed,,,2026-09-06T12:53:38+00:00
run_matrix,,experiments/v2/innovation/INNOVATION-089_bfps/PARAMETER_MATRIX.csv,e34985fecd1c301a3da4b3f6e9bd2b123cb8739b,bed9a9cf028d7f2a1340b5215f0ef7293a9eb242,main,179,committed,,,2026-09-06T12:53:38+00:00
run_matrix,,experiments/v2/innovation/INNOVATION-090_aps/PARAMETER_MATRIX.csv,900fa8097f13b7af581ddd7b7eb25fc1ae7e706a,bed9a9cf028d7f2a1340b5215f0ef7293a9eb242,main,178,committed,,,2026-09-06T12:53:38+00:00
run_matrix,,experiments/v2/innovation/INNOVATION-091_cups/PARAMETER_MATRIX.csv,292e5f38eaf592bf3555b19960ce7ba0a34506b5,bed9a9cf028d7f2a1340b5215f0ef7293a9eb242,main,177,committed,,,2026-09-06T12:53:38+00:00
run_matrix,,experiments/v2/innovation/INNOVATION-092_tfps/PARAMETER_MATRIX.csv,42d3b70b20ceac5dd6db18d5521cf0d5be20166a,bed9a9cf028d7f2a1340b5215f0ef7293a9eb242,main,176,committed,,,2026-09-06T12:53:38+00:00
run_matrix,,experiments/v2/innovation/INNOVATION-093_edps/PARAMETER_MATRIX.csv,a1cfed8e889661a390db979b7c1c2e18df55ea3f,bed9a9cf028d7f2a1340b5215f0ef7293a9eb242,main,175,committed,,,2026-09-06T12:53:38+00:00
run_matrix,,experiments/v2/innovation/INNOVATION-094_edps2/PARAMETER_MATRIX.csv,10847c6c8aa4cabded411feaf9f1f40d070c3b7f,bed9a9cf028d7f2a1340b5215f0ef7293a9eb242,main,174,committed,,,2026-09-06T12:53:38+00:00
run_matrix,,experiments/v2/innovation/INNOVATION-095_sedps/PARAMETER_MATRIX.csv,37e4e7696a82a1b7bdc6fa1d14b9c0713fd69316,bed9a9cf028d7f2a1340b5215f0ef7293a9eb242,main,172,committed,,,2026-09-06T12:53:38+00:00
run_matrix,,experiments/v2/innovation/INNOVATION-096_ceps/PARAMETER_MATRIX.csv,e3b11493a3ccbd398800b406db503a4399592e68,bed9a9cf028d7f2a1340b5215f0ef7293a9eb242,main,171,committed,,,2026-09-06T12:53:38+00:00
run_matrix,,experiments/v2/innovation/INNOVATION-097_jeds/PARAMETER_MATRIX.csv,d94168de5f03b8b18069d2175633096a124c5ba5,bed9a9cf028d7f2a1340b5215f0ef7293a9eb242,main,170,committed,,,2026-09-06T12:53:38+00:00
run_matrix,,experiments/v2/innovation/INNOVATION-098_nrps/PARAMETER_MATRIX.csv,e346c394d60742b66561f2b9359d7fd87a62376d,bed9a9cf028d7f2a1340b5215f0ef7293a9eb242,main,169,committed,,,2026-09-06T12:53:38+00:00
run_matrix,,experiments/v2/innovation/INNOVATION-099_tdrs/PARAMETER_MATRIX.csv,ee416bd2c761e1f18c6c99896612b7e972078ff1,bed9a9cf028d7f2a1340b5215f0ef7293a9eb242,main,168,committed,,,2026-09-06T12:53:38+00:00
run_matrix,,experiments/v2/tune/TUNE-001_standard_clip_validation/PARAMETER_MATRIX.csv,b18929e4a2e5ce317c891691590965074d9f835f,bed9a9cf028d7f2a1340b5215f0ef7293a9eb242,main,265,committed,,,2026-09-06T12:53:38+00:00
run_matrix,,experiments/v2/tune/TUNE-002_nested_three_module_validation/PARAMETER_MATRIX.csv,b6022161a01924be35d82a58e5d9ec25af841e80,bed9a9cf028d7f2a1340b5215f0ef7293a9eb242,main,167,committed,,,2026-09-06T12:53:38+00:00
run_matrix,,experiments/v2/tune/TUNE-003_pure_threefold_hparams/PARAMETER_MATRIX.csv,8960e3a34b970e1033a17dab802af050facef969,bed9a9cf028d7f2a1340b5215f0ef7293a9eb242,main,166,committed,,,2026-09-06T12:53:38+00:00
run_matrix,,experiments/v2/tune/TUNE-004_multidataset_chen_hparams/PARAMETER_MATRIX.csv,dd206ba4b19933a53a358a95388f5af96a2abc05,bed9a9cf028d7f2a1340b5215f0ef7293a9eb242,main,165,committed,,,2026-09-06T12:53:38+00:00
run_matrix,,experiments/v2/tune/TUNE-005_seen_only_text_assets/PARAMETER_MATRIX.csv,4a4fa0394484b08fb49afbc23f6593d66d941371,bed9a9cf028d7f2a1340b5215f0ef7293a9eb242,main,165,committed,,,2026-09-06T12:53:38+00:00
run_matrix,,experiments/v2/tune/TUNE-006_text_v2_recovery/PARAMETER_MATRIX.csv,2b7a52c781ccca6f12750a8fbb7e1f524a326414,bed9a9cf028d7f2a1340b5215f0ef7293a9eb242,main,165,committed,,,2026-09-06T12:53:38+00:00
run_matrix,,experiments/v2/tune/TUNE-007_text_v2_chen_hparams/PARAMETER_MATRIX.csv,48622c24b0e948958a9c2f33b682a70fd059adc9,bed9a9cf028d7f2a1340b5215f0ef7293a9eb242,main,165,committed,,,2026-09-06T12:53:38+00:00
run_matrix,,experiments/v3/confirmation/CONFIRM-014_fresh_effective_modules/PARAMETER_MATRIX.csv,cd4327c4e79008e1a4de889247832c98488966d4,645b609a95e44404ed7a9e65914adcd31bf065f3,exp/v3/confirmation/confirmation-014-fresh-effective-modules,1,committed,,,2026-09-06T12:53:38+00:00
run_matrix,,experiments/v3/innovation/INNOVATION-015_lver/PARAMETER_MATRIX.csv,d5c1d22df79a8376ab66f289ed1921ebce7d2299,6e5142548c0da2c0696519d5d0eb2181888f41dc,codex/v3-dual-visual-candidates,3,committed,,,2026-09-06T12:53:38+00:00
run_matrix,,experiments/v3/innovation/INNOVATION-016_pcpc/PARAMETER_MATRIX.csv,9400ff1678dd7dd827df9f6a81262add10899dc1,6e5142548c0da2c0696519d5d0eb2181888f41dc,codex/v3-dual-visual-candidates,3,committed,,,2026-09-06T12:53:38+00:00
run_matrix,,experiments/v4/ablation/ABLATION-001_clip_vitb32_backbone/PARAMETER_MATRIX.csv,a5388f463462d457358d3a3b0f17b039a0752c32,0c531a8f212eee5e73511bfb66b8e17f856802b8,exp/v4/ablation/ablation-001-clip-vitb32,1,committed,,,2026-09-06T12:53:38+00:00
run_matrix,,experiments/v4/ablation/ABLATION-002_gtd_coordinate_specificity/PARAMETER_MATRIX.csv,fe9b6c4d5c32f3bb6fde25655863be605615a393,f52a58691e68237aec9ec0d7096e69c7ef474929,exp/v4/ablation/ablation-002-gtd-coordinate-specificity,3,committed,,,2026-09-06T12:53:38+00:00
run_matrix,,experiments/v4/ablation/ABLATION-003_sid_gtd_cub/PARAMETER_MATRIX.csv,466202f467007af20a49200b51bd19729743109e,08fda2f24fe03c2cf6660414007ca7368a39033f,exp/v4/ablation/ablation-003-sid-gtd-cub,1,committed,,,2026-09-06T12:53:38+00:00
run_matrix,,experiments/v4/confirmation/CONFIRM-001_validation_selected_tg_gtd/PARAMETER_MATRIX.csv,38ba8344885e16d36ee5c02c9dd1ae20a256b07d,20a9db1b1d3592a901ffa4ba6ff675b8c3908c2f,exp/v4/confirmation/confirmation-001-validation-selected,1,committed,,,2026-09-06T12:53:38+00:00
run_matrix,,experiments/v4/confirmation/CONFIRM-002_xian_validation_multiseed/PARAMETER_MATRIX.csv,d060241c7c3f74ad6040b8a2ba04e4709e96f366,84352c33b0af4d6fb587a71a290f2e0f31cba272,exp/v4/confirmation/confirmation-002-xian-validation-multiseed,2,committed,,,2026-09-06T12:53:38+00:00
run_matrix,,experiments/v4/innovation/innovation-018-pecv/PARAMETER_MATRIX.csv,3aef22a04a46649fdd89c58e5f3bdb1322a996ff,c4341027c17410d8c60c072780361802df4e9796,exp/v4/innovation/innovation-018-pecv,1,committed,,,2026-09-06T12:53:38+00:00
run_matrix,,experiments/v4/innovation/innovation-020-pecv-formal/PARAMETER_MATRIX.csv,781c4d107f3056d115b7380d2e706726f85d4f0d,6ece11dc62890e26d9210a138b792542b6a43289,exp/v4/innovation/innovation-020-pecv-formal,1,committed,,,2026-09-06T12:53:38+00:00
run_matrix,,experiments/v4/tune/TUNE-001_calibrated_stacking/PARAMETER_MATRIX.csv,e4f76550474d0ea6c45f070e05e8e2500321b61b,c0875eb60971bdb39c17974dafe47a4f27273818,exp/v4/tune/tune-001-calibrated-stacking,1,committed,,,2026-09-06T12:53:38+00:00
run_matrix,,experiments/v4/tune/TUNE-002_tg_gtd_hparams/PARAMETER_MATRIX.csv,6c363f5753080cfeed8dfea8cfb3e59a7933daf2,f52a58691e68237aec9ec0d7096e69c7ef474929,exp/v4/ablation/ablation-002-gtd-coordinate-specificity,3,committed,,,2026-09-06T12:53:38+00:00
run_matrix,,experiments/v4/tune/TUNE-002_tg_gtd_hparams/PARAMETER_MATRIX.csv,1455d09ddb33ebe47bbfc469e6636d6d510abfde,bed9a9cf028d7f2a1340b5215f0ef7293a9eb242,main,104,committed,,,2026-09-06T12:53:38+00:00
run_matrix,,experiments/v6/innovation/V6-INNOVATION-001_COMPILED_PCLR/PARAMETER_MATRIX.csv,113de2ccf0838145c42bac48da961dc6b1516974,bed9a9cf028d7f2a1340b5215f0ef7293a9eb242,main,41,committed,,,2026-09-06T12:53:38+00:00
run_matrix,,experiments/v7/ablation/V7-ABLATION-001_ONE_TEXT_CUB_RETRAINED/PARAMETER_MATRIX.csv,3bb5bcaf6933f8554b3d98b6069b2836ee0291cc,15080b9fca55e004638e1ec87dd2644058890d83,exp/v7/tune/tune-012-one-text-e2e,1,committed,,,2026-09-06T12:53:38+00:00
run_matrix,,experiments/v7/ablation/V7-ABLATION-002_SEEN_CE_RETRAINED_SVI/PARAMETER_MATRIX.csv,8d39585e6f83d193417d231322b3f881eb6c5048,ebb782a8cf54885ad31df21ff68c131dcaa1ed0d,exp/v7/ablation/ablation-002-seen-ce,1,committed,,,2026-09-06T12:53:38+00:00
run_matrix,,experiments/v7/ablation/V7-ABLATION-003_PURECLIP_SVI/PARAMETER_MATRIX.csv,047916ebfc9ca220ac5ed16f4312ff30bf70374a,a34c7ebef577c939b9c15508a50d6c973527a550,exp/v7/ablation/ablation-003-pureclip-svi,1,committed,,,2026-09-06T12:53:38+00:00
run_matrix,,experiments/v7/ablation/V7-ABLATION-004_NO_PARENT_HEAD/PARAMETER_MATRIX.csv,8b765db7444f7fef3832a61d62e6eb6e8ad5271d,cd90f89d726ca8b76b5481d78b9cdc81325952bf,exp/v7/ablation/ablation-004-no-parent-head,1,committed,,,2026-09-06T12:53:38+00:00
run_matrix,,experiments/v7/ablation/V7-ABLATION-005_PSR_FACTORIAL/PARAMETER_MATRIX.csv,bc26cd2bd01bbe6fa7900a60596c1a103efefa3d,cb5568e6180606819440d2f981e18912906f3f07,exp/v7/ablation/ablation-005-psr-factorial,7,committed,,,2026-09-06T12:53:38+00:00
run_matrix,,experiments/v7/ablation/V7-ABLATION-006_TEXT_BASELINE_LADDER/PARAMETER_MATRIX.csv,ece3478ceb5ea70f49e62b06dfdb5e7cf6aa0957,2bdc7227bad8ef1ed0776574e51dad05571bef8d,exp/v7/ablation/ablation-006-text-baseline-ladder,2,committed,,,2026-09-06T12:53:38+00:00
run_matrix,,experiments/v7/ablation/V7-ABLATION-006_TUNE014_R_OFF_RETRAIN/PARAMETER_MATRIX.csv,ebbd573f1bfff95d33349597fdc66d7078680cc4,96f19979e1dd1016080295cb0d8225e1c3ec74ad,exp/v7/ablation/ablation-006-class-held-out-r,1,committed,,,2026-09-06T12:53:38+00:00
run_matrix,,experiments/v7/ablation/V7-ABLATION-007_CUPL_ANCHORED_CONTROL/PARAMETER_MATRIX.csv,c1c80fc572810157f3a362dbab4b34d8da1f9b8c,2ad0b9f8bb76cfa2e8d2cb1c890ab190fa39f716,exp/v7/ablation/ablation-007-cupl-anchored-control,1,committed,,,2026-09-06T12:53:38+00:00
run_matrix,,experiments/v7/confirmation/V7-CONFIRM-001_MULTIDATASET/PARAMETER_MATRIX.csv,e5f5d857ee34f500abf0db8026999e232ffbcabd,3edc5aba6391833f29345da6f341f9ad84729203,exp/v7/confirmation/confirmation-001-multidataset,1,committed,,,2026-09-06T12:53:38+00:00
run_matrix,,experiments/v7/confirmation/V7-CONFIRM-002_PSR_MULTIDATASET_MULTISEED/PARAMETER_MATRIX.csv,e254fdba4205be391ea98339d72e1a8484ba9870,961af93a8a862c8c8c2830dc9d6ac3a427649c82,exp/v7/confirmation/confirmation-002-psr-multidataset-multiseed,1,committed,,,2026-09-06T12:53:38+00:00
run_matrix,,experiments/v7/confirmation/V7-CONFIRM-003_CUB_LADDER_MULTISEED/PARAMETER_MATRIX.csv,7ade56196503d0fe6c66bc04fea56a6c96d41924,ed21977963287eedc1c0aeca8988af2d37028bd4,exp/v7/confirmation/confirmation-003-cub-ladder-multiseed,1,committed,,,2026-09-06T12:53:38+00:00
run_matrix,,experiments/v7/innovation/V7-INNOVATION-001_PCRS/PARAMETER_MATRIX.csv,66050455761baebea5592b6ad50572fb736855c5,d3132409f42126ca203fcb4f1bf47c6ec0ea2675,exp/v7/innovation/innovation-001-pcrs-v2,1,committed,,,2026-09-06T12:53:38+00:00
run_matrix,,experiments/v7/tune/V7-TUNE-001_AWA2_PARENT_GUARD/PARAMETER_MATRIX.csv,dbc8a8c072a4ebff1744a7095807007fa7be0073,264cbd56e1d8c4cfa53719fc98d7cc51190d1422,exp/v7/tune/tune-001-awa2-parent-guard,1,committed,,,2026-09-06T12:53:38+00:00
run_matrix,,experiments/v7/tune/V7-TUNE-002_AWA2_NEUTRAL_INIT/PARAMETER_MATRIX.csv,a0864456e078d4b6b6a12cac12271fce207064ba,7ac551a5071a3d831e713b0a9478c91d9feccd04,exp/v7/tune/tune-002-awa2-neutral-init,1,committed,,,2026-09-06T12:53:38+00:00
run_matrix,,experiments/v7/tune/V7-TUNE-003_SOFT_UTILITY_GATE/PARAMETER_MATRIX.csv,7c333acd9e876b5ad4d26cdcd3622fc66e066ddb,1e3a33501ba741de38d10effcf8a58415faf99cb,exp/v7/tune/tune-003-soft-utility-gate,1,committed,,,2026-09-06T12:53:38+00:00
run_matrix,,experiments/v7/tune/V7-TUNE-004_BILEVEL_TRANSFER/PARAMETER_MATRIX.csv,93e8e86d7ec0854d222ee52c9cd5156069f6652d,e8a4946749e4390afb06b33ab46786143a212c62,exp/v7/tune/tune-004-bilevel-transfer,1,committed,,,2026-09-06T12:53:38+00:00
run_matrix,,experiments/v7/tune/V7-TUNE-005_BILEVEL_SOFT_GATE/PARAMETER_MATRIX.csv,3531bb52fac50bf3d789b7c3802fa3a1982bee06,bd00ee717a0de05fecd8664ac14de8d6e6e6eba9,exp/v7/tune/tune-005-bilevel-soft-gate,1,committed,,,2026-09-06T12:53:38+00:00
run_matrix,,experiments/v7/tune/V7-TUNE-006_FULL_BILEVEL/PARAMETER_MATRIX.csv,5b7f9ffc7901feb0331696eff542e82ac8eb123d,e1ceca41f8346baf4dbd78b9700ec8355b1a38d6,exp/v7/tune/tune-006-full-bilevel,1,committed,,,2026-09-06T12:53:38+00:00
run_matrix,,experiments/v7/tune/V7-TUNE-007_UNIFIED_ROLE_RELATIONS/PARAMETER_MATRIX.csv,81da152e4a4825acbed8aa49f383a86e9a3e622e,144b7c31cfbd486bcb4a844983c48698d41a6c3e,exp/v7/tune/tune-007-unified-role-relations,1,committed,,,2026-09-06T12:53:38+00:00
run_matrix,,experiments/v7/tune/V7-TUNE-008_ONE_TEXT_SIMPLIFICATION/PARAMETER_MATRIX.csv,bcf7c133d0cc70ff3e5fc2d2c7c420b9c410849c,aedd6e921b0766d0c1e16754edbf2201efe3b785,exp/v7/tune/tune-008-one-text-simplification,1,committed,,,2026-09-06T12:53:38+00:00
run_matrix,,experiments/v7/tune/V7-TUNE-009_ONE_TEXT_READER/PARAMETER_MATRIX.csv,fc2d6cfc2a3c5d92a6aa155eac89a2d453ffe1ae,93457fe6637d879e414b3327ce04794ceae64adb,exp/v7/tune/tune-009-one-text-reader-probe,1,committed,,,2026-09-06T12:53:38+00:00
run_matrix,,experiments/v7/tune/V7-TUNE-010_ONE_TEXT_FULL_GATE0/PARAMETER_MATRIX.csv,d2f021b603c49d58741c546079a84a00bddd9f70,5df71878d79d3d21b4530fedd861e1386096605a,exp/v7/tune/tune-010-one-text-full-gate0,1,committed,,,2026-09-06T12:53:38+00:00
run_matrix,,experiments/v7/tune/V7-TUNE-011_ONE_TEXT_READER_ALPHA/PARAMETER_MATRIX.csv,c1ab6f6d4003f058bddb607c5310fef5924560eb,8fe7959a93b0c472d604815a6282b3924c60d014,exp/v7/tune/tune-011-one-text-reader-alpha,1,committed,,,2026-09-06T12:53:38+00:00
run_matrix,,experiments/v7/tune/V7-TUNE-012_ONE_TEXT_E2E/PARAMETER_MATRIX.csv,6115000f0cfef8e48cc8a58c86aacca8e10b928d,15080b9fca55e004638e1ec87dd2644058890d83,exp/v7/tune/tune-012-one-text-e2e,1,committed,,,2026-09-06T12:53:38+00:00
run_matrix,,experiments/v7/tune/V7-TUNE-013_ONE_TEXT_SEEN_ONLY_CE/PARAMETER_MATRIX.csv,405a58df9961ea720f127bcfa756b9697b5eac9f,f037869a08429fb63941dc4f368fac175ce73da0,codex/v7-psr-occupancy-diagnostic,14,committed,,,2026-09-06T12:53:38+00:00
run_matrix,,experiments/v7/tune/V7-TUNE-013_ONE_TEXT_SEEN_ONLY_CE/PARAMETER_MATRIX.csv,546a23a565cb670bf478b1f26f3217740b1a235d,0d8806cb674b98ca99022a57ae7ce0da0840bdfb,exp/v7/tune/tune-013-one-text-seen-ce,1,committed,,,2026-09-06T12:53:38+00:00
run_matrix,,experiments/v7/tune/V7-TUNE-013_ONE_TEXT_SEEN_ONLY_CE/PARAMETER_MATRIX.csv,05a472dd1c306f98e4ee05ece984d4b9da6ad0e4,e10907d73ce81853783580d8497c06a50a18349b,exp/v7/tune/tune-013-one-text-seen-ce-clean,1,committed,,,2026-09-06T12:53:38+00:00
run_matrix,,experiments/v7/tune/V7-TUNE-014_CLASS_HELD_OUT_VI/PARAMETER_MATRIX.csv,8dbe1922d736710ee7f11d4f52469e9ca1697df5,96f19979e1dd1016080295cb0d8225e1c3ec74ad,exp/v7/ablation/ablation-006-class-held-out-r,2,committed,,,2026-09-06T12:53:38+00:00
run_matrix,,experiments/v7/tune/V7-TUNE-015_TEXT_RELATION_OPERATOR/PARAMETER_MATRIX.csv,b130ae30d349fc37afd7f23a6622195d7f75d494,b10b35c1005db402acee584f9e2de887102866df,exp/v7/tune/tune-015-relation-visual-operator,1,committed,,,2026-09-06T12:53:38+00:00
run_matrix,,experiments/v8/diagnostic/DIAGNOSTIC-002_triadic_evidence/PARAMETER_MATRIX.csv,4d6f37c9d9ad43efc916d6d6077154136b048cbf,1d611b3acb9fdfb329ade5ab18c57a425d0eec72,codex/v8-triadic-evidence-gate0,1,committed,,,2026-09-06T12:53:38+00:00
